row_id,recipe_id,cement,slag,ash,water,superplasticizer,coarse,fine,age,strength
1,1,540.0,0.0,0.0,162.0,2.5,1040.0,676.0,28,79.98611076
3,3,332.5,142.5,0.0,228.0,0.0,932.0,594.0,270,40.269535256000005
4,3,332.5,142.5,0.0,228.0,0.0,932.0,594.0,365,41.052779992
5,4,198.6,132.4,0.0,192.0,0.0,978.4,825.5,360,44.296075096
6,5,266.0,114.0,0.0,228.0,0.0,932.0,670.0,90,47.029847436000004
9,5,266.0,114.0,0.0,228.0,0.0,932.0,670.0,28,45.854290856
10,7,475.0,0.0,0.0,228.0,0.0,932.0,594.0,28,39.28978986
11,4,198.6,132.4,0.0,192.0,0.0,978.4,825.5,90,38.074243671999994
12,4,198.6,132.4,0.0,192.0,0.0,978.4,825.5,28,28.021683592
13,8,427.5,47.5,0.0,228.0,0.0,932.0,594.0,270,43.01296026
14,9,190.0,190.0,0.0,228.0,0.0,932.0,670.0,90,42.32693164
16,11,380.0,0.0,0.0,228.0,0.0,932.0,670.0,90,52.908319811999995
17,12,139.6,209.4,0.0,192.0,0.0,1047.0,806.9,90,39.358047983999995
18,13,342.0,38.0,0.0,228.0,0.0,932.0,670.0,365,56.141962252
20,7,475.0,0.0,0.0,228.0,0.0,932.0,594.0,180,42.620648416
21,8,427.5,47.5,0.0,228.0,0.0,932.0,594.0,180,41.836714203999996
22,12,139.6,209.4,0.0,192.0,0.0,1047.0,806.9,28,28.23748958
23,12,139.6,209.4,0.0,192.0,0.0,1047.0,806.9,3,8.06342182
24,12,139.6,209.4,0.0,192.0,0.0,1047.0,806.9,180,44.207822168
25,11,380.0,0.0,0.0,228.0,0.0,932.0,670.0,365,52.516697443999995
26,11,380.0,0.0,0.0,228.0,0.0,932.0,670.0,270,53.300631656
28,13,342.0,38.0,0.0,228.0,0.0,932.0,670.0,180,52.1243856
29,8,427.5,47.5,0.0,228.0,0.0,932.0,594.0,28,37.427515183999994
30,7,475.0,0.0,0.0,228.0,0.0,932.0,594.0,7,38.60376124
32,5,266.0,114.0,0.0,228.0,0.0,932.0,670.0,365,52.908319811999995
33,4,198.6,132.4,0.0,192.0,0.0,978.4,825.5,180,41.719503284
34,7,475.0,0.0,0.0,228.0,0.0,932.0,594.0,270,42.131120456
35,9,190.0,190.0,0.0,228.0,0.0,932.0,670.0,365,53.69225402399999
36,14,237.5,237.5,0.0,228.0,0.0,932.0,594.0,270,38.407950056000004
37,14,237.5,237.5,0.0,228.0,0.0,932.0,594.0,28,30.079769451999997
38,3,332.5,142.5,0.0,228.0,0.0,932.0,594.0,90,37.721921436
39,7,475.0,0.0,0.0,228.0,0.0,932.0,594.0,90,42.229026048
40,14,237.5,237.5,0.0,228.0,0.0,932.0,594.0,180,36.251958603999995
41,13,342.0,38.0,0.0,228.0,0.0,932.0,670.0,90,50.45930106
42,8,427.5,47.5,0.0,228.0,0.0,932.0,594.0,365,43.698299404
43,14,237.5,237.5,0.0,228.0,0.0,932.0,594.0,365,38.995383608
44,11,380.0,0.0,0.0,228.0,0.0,932.0,670.0,180,53.104130996
45,8,427.5,47.5,0.0,228.0,0.0,932.0,594.0,90,41.542997428
46,8,427.5,47.5,0.0,228.0,0.0,932.0,594.0,7,35.076402024
47,15,349.0,0.0,0.0,192.0,0.0,1047.0,806.9,3,15.049192651999999
49,14,237.5,237.5,0.0,228.0,0.0,932.0,594.0,7,26.258003984
51,3,332.5,142.5,0.0,228.0,0.0,932.0,594.0,180,39.779317819999996
52,9,190.0,190.0,0.0,228.0,0.0,932.0,670.0,180,46.931941843999994
53,14,237.5,237.5,0.0,228.0,0.0,932.0,594.0,90,33.116911232
55,12,139.6,209.4,0.0,192.0,0.0,1047.0,806.9,7,14.589312159999999
56,4,198.6,132.4,0.0,192.0,0.0,978.4,825.5,7,14.638264955999999
57,7,475.0,0.0,0.0,228.0,0.0,932.0,594.0,365,41.934619796
58,4,198.6,132.4,0.0,192.0,0.0,978.4,825.5,3,9.131420144
60,3,332.5,142.5,0.0,228.0,0.0,932.0,594.0,28,33.019005639999996
62,5,266.0,114.0,0.0,228.0,0.0,932.0,670.0,270,51.732763231999996
63,16,310.0,0.0,0.0,192.0,0.0,971.0,850.6,3,9.86640156
64,9,190.0,190.0,0.0,228.0,0.0,932.0,670.0,270,50.655112243999994
65,5,266.0,114.0,0.0,228.0,0.0,932.0,670.0,180,48.695621452
66,13,342.0,38.0,0.0,228.0,0.0,932.0,670.0,270,55.064311264
67,12,139.6,209.4,0.0,192.0,0.0,1047.0,806.9,360,44.698039603999995
68,3,332.5,142.5,0.0,228.0,0.0,932.0,594.0,7,30.275580636
69,9,190.0,190.0,0.0,228.0,0.0,932.0,670.0,28,40.856968808
70,17,485.0,0.0,0.0,146.0,0.0,1120.0,800.0,28,71.98818916
71,18,374.0,189.2,0.0,170.1,10.1,926.1,756.7,3,34.39795764
72,19,313.3,262.2,0.0,175.5,8.6,1046.9,611.8,3,28.79941252
73,20,425.0,106.3,0.0,153.5,16.5,852.1,887.1,3,33.398217439999996
74,21,425.0,106.3,0.0,151.4,18.6,936.0,803.7,3,36.3009114
75,22,375.0,93.8,0.0,126.6,23.4,852.1,992.6,3,28.99936056
76,23,475.0,118.8,0.0,181.1,8.9,852.1,781.5,3,37.79707432
77,24,469.0,117.2,0.0,137.8,32.2,852.1,840.5,3,40.1964508
78,20,425.0,106.3,0.0,153.5,16.5,852.1,887.1,3,33.398217439999996
79,25,388.6,97.1,0.0,157.9,12.1,852.1,925.7,3,28.096147
80,26,531.3,0.0,0.0,141.8,28.2,852.1,893.7,3,41.2996124
81,20,425.0,106.3,0.0,153.5,16.5,852.1,887.1,3,33.398217439999996
82,27,318.8,212.5,0.0,155.7,14.3,852.1,880.4,3,25.2003478
84,29,362.6,189.0,0.0,164.9,11.6,944.7,755.8,3,35.3011712
85,30,323.7,282.8,0.0,183.8,10.3,942.7,659.9,3,28.296095039999997
86,31,379.5,151.2,0.0,153.9,15.9,1134.3,605.0,3,28.599464479999998
87,29,362.6,189.0,0.0,164.9,11.6,944.7,755.8,3,35.3011712
88,32,286.3,200.9,0.0,144.7,11.2,1004.6,803.7,3,24.40055564
89,29,362.6,189.0,0.0,164.9,11.6,944.7,755.8,3,35.3011712
90,33,439.0,177.0,0.0,186.0,11.1,884.9,707.9,3,39.300132
92,29,362.6,189.0,0.0,164.9,11.6,944.7,755.8,3,35.3011712
93,35,337.9,189.0,0.0,174.9,9.5,944.7,755.8,3,24.0971862
94,18,374.0,189.2,0.0,170.1,10.1,926.1,756.7,7,46.20178676
95,19,313.3,262.2,0.0,175.5,8.6,1046.9,611.8,7,42.79577532
96,20,425.0,106.3,0.0,153.5,16.5,852.1,887.1,7,49.20100736
97,21,425.0,106.3,0.0,151.4,18.6,936.0,803.7,7,46.80163088
98,22,375.0,93.8,0.0,126.6,23.4,852.1,992.6,7,45.69846928
99,23,475.0,118.8,0.0,181.1,8.9,852.1,781.5,7,55.59934464
100,24,469.0,117.2,0.0,137.8,32.2,852.1,840.5,7,54.896079119999996
101,20,425.0,106.3,0.0,153.5,16.5,852.1,887.1,7,49.20100736
102,25,388.6,97.1,0.0,157.9,12.1,852.1,925.7,7,34.90127512
103,26,531.3,0.0,0.0,141.8,28.2,852.1,893.7,7,46.89815752
104,20,425.0,106.3,0.0,153.5,16.5,852.1,887.1,7,49.20100736
105,27,318.8,212.5,0.0,155.7,14.3,852.1,880.4,7,33.398217439999996
107,29,362.6,189.0,0.0,164.9,11.6,944.7,755.8,7,55.89581932
108,30,323.7,282.8,0.0,183.8,10.3,942.7,659.9,7,49.80085148
109,31,379.5,151.2,0.0,153.9,15.9,1134.3,605.0,7,47.09810556
110,29,362.6,189.0,0.0,164.9,11.6,944.7,755.8,7,55.89581932
111,32,286.3,200.9,0.0,144.7,11.2,1004.6,803.7,7,37.997022359999995
112,29,362.6,189.0,0.0,164.9,11.6,944.7,755.8,7,55.89581932
113,33,439.0,177.0,0.0,186.0,11.1,884.9,707.9,7,56.095767359999996
115,29,362.6,189.0,0.0,164.9,11.6,944.7,755.8,7,22.89749796
116,35,337.9,189.0,0.0,174.9,9.5,944.7,755.8,7,35.101223159999996
117,18,374.0,189.2,0.0,170.1,10.1,926.1,756.7,28,61.09446836
118,19,313.3,262.2,0.0,175.5,8.6,1046.9,611.8,28,59.79825348
119,20,425.0,106.3,0.0,153.5,16.5,852.1,887.1,28,60.2946762
120,21,425.0,106.3,0.0,151.4,18.6,936.0,803.7,28,61.797733879999996
121,22,375.0,93.8,0.0,126.6,23.4,852.1,992.6,28,56.69561148
122,23,475.0,118.8,0.0,181.1,8.9,852.1,781.5,28,68.29949256
123,24,469.0,117.2,0.0,137.8,32.2,852.1,840.5,28,66.89985628
124,20,425.0,106.3,0.0,153.5,16.5,852.1,887.1,28,60.2946762
125,25,388.6,97.1,0.0,157.9,12.1,852.1,925.7,28,50.69717028
126,26,531.3,0.0,0.0,141.8,28.2,852.1,893.7,28,56.3991368
127,20,425.0,106.3,0.0,153.5,16.5,852.1,887.1,28,60.2946762
128,27,318.8,212.5,0.0,155.7,14.3,852.1,880.4,28,55.495923239999996
130,29,362.6,189.0,0.0,164.9,11.6,944.7,755.8,28,71.29871315999999
131,30,323.7,282.8,0.0,183.8,10.3,942.7,659.9,28,74.69782984
132,31,379.5,151.2,0.0,153.9,15.9,1134.3,605.0,28,52.20022796
133,29,362.6,189.0,0.0,164.9,11.6,944.7,755.8,28,71.29871315999999
134,32,286.3,200.9,0.0,144.7,11.2,1004.6,803.7,28,67.69964844
135,29,362.6,189.0,0.0,164.9,11.6,944.7,755.8,28,71.29871315999999
136,33,439.0,177.0,0.0,186.0,11.1,884.9,707.9,28,65.99664272
138,29,362.6,189.0,0.0,164.9,11.6,944.7,755.8,28,71.29871315999999
139,35,337.9,189.0,0.0,174.9,9.5,944.7,755.8,28,49.89737812
140,18,374.0,189.2,0.0,170.1,10.1,926.1,756.7,56,63.3973182
141,19,313.3,262.2,0.0,175.5,8.6,1046.9,611.8,56,64.90037588
142,20,425.0,106.3,0.0,153.5,16.5,852.1,887.1,56,64.30053176
143,21,425.0,106.3,0.0,151.4,18.6,936.0,803.7,56,64.90037588
144,22,375.0,93.8,0.0,126.6,23.4,852.1,992.6,56,60.19814956
145,23,475.0,118.8,0.0,181.1,8.9,852.1,781.5,56,72.29845336
146,24,469.0,117.2,0.0,137.8,32.2,852.1,840.5,56,69.29923276
147,20,425.0,106.3,0.0,153.5,16.5,852.1,887.1,56,64.30053176
148,25,388.6,97.1,0.0,157.9,12.1,852.1,925.7,56,55.19944856
149,26,531.3,0.0,0.0,141.8,28.2,852.1,893.7,56,58.798513279999995
150,20,425.0,106.3,0.0,153.5,16.5,852.1,887.1,56,64.30053176
151,27,318.8,212.5,0.0,155.7,14.3,852.1,880.4,56,66.10006412
153,29,362.6,189.0,0.0,164.9,11.6,944.7,755.8,56,77.29715436
154,30,323.7,282.8,0.0,183.8,10.3,942.7,659.9,56,80.19984832
155,31,379.5,151.2,0.0,153.9,15.9,1134.3,605.0,56,54.896079119999996
156,29,362.6,189.0,0.0,164.9,11.6,944.7,755.8,56,77.29715436
157,32,286.3,200.9,0.0,144.7,11.2,1004.6,803.7,56,72.99482412
158,29,362.6,189.0,0.0,164.9,11.6,944.7,755.8,56,77.29715436
159,33,439.0,177.0,0.0,186.0,11.1,884.9,707.9,56,71.69860924
161,29,362.6,189.0,0.0,164.9,11.6,944.7,755.8,56,77.29715436
162,35,337.9,189.0,0.0,174.9,9.5,944.7,755.8,56,59.89478012
163,18,374.0,189.2,0.0,170.1,10.1,926.1,756.7,91,64.90037588
164,19,313.3,262.2,0.0,175.5,8.6,1046.9,611.8,91,66.59648684
165,20,425.0,106.3,0.0,153.5,16.5,852.1,887.1,91,65.19685056
166,21,425.0,106.3,0.0,151.4,18.6,936.0,803.7,91,66.69990824
167,22,375.0,93.8,0.0,126.6,23.4,852.1,992.6,91,62.5009994
168,23,475.0,118.8,0.0,181.1,8.9,852.1,781.5,91,74.19451236
169,24,469.0,117.2,0.0,137.8,32.2,852.1,840.5,91,70.69886903999999
170,20,425.0,106.3,0.0,153.5,16.5,852.1,887.1,91,65.19685056
171,25,388.6,97.1,0.0,157.9,12.1,852.1,925.7,91,57.59882504
172,26,531.3,0.0,0.0,141.8,28.2,852.1,893.7,91,59.19840936
173,20,425.0,106.3,0.0,153.5,16.5,852.1,887.1,91,65.19685056
174,27,318.8,212.5,0.0,155.7,14.3,852.1,880.4,91,68.09954452
176,29,362.6,189.0,0.0,164.9,11.6,944.7,755.8,91,79.29663476
177,31,379.5,151.2,0.0,153.9,15.9,1134.3,605.0,91,56.49566344
178,29,362.6,189.0,0.0,164.9,11.6,944.7,755.8,91,79.29663476
179,32,286.3,200.9,0.0,144.7,11.2,1004.6,803.7,91,76.80073164
180,29,362.6,189.0,0.0,164.9,11.6,944.7,755.8,91,79.29663476
181,33,439.0,177.0,0.0,186.0,11.1,884.9,707.9,91,73.29819356
183,29,362.6,189.0,0.0,164.9,11.6,944.7,755.8,91,79.29663476
184,35,337.9,189.0,0.0,174.9,9.5,944.7,755.8,91,67.79617508
190,37,233.81,0.0,94.58,197.89,4.567,947.04,852.16,3,10.38350856
191,37,233.81,0.0,94.58,197.89,4.567,947.04,852.16,14,22.13907436
192,37,233.81,0.0,94.58,197.89,4.567,947.04,852.16,28,22.83544512
193,37,233.81,0.0,94.58,197.89,4.567,947.04,852.16,56,27.66177712
194,37,233.81,0.0,94.58,197.89,4.567,947.04,852.16,100,34.55653712
195,38,194.68,0.0,100.52,165.62,7.48,1006.4,905.9,3,12.45193656
196,38,194.68,0.0,100.52,165.62,7.48,1006.4,905.9,14,24.986610239999997
197,38,194.68,0.0,100.52,165.62,7.48,1006.4,905.9,28,25.72434956
198,38,194.68,0.0,100.52,165.62,7.48,1006.4,905.9,56,33.963587759999996
199,38,194.68,0.0,100.52,165.62,7.48,1006.4,905.9,100,37.34202016
200,39,190.68,0.0,125.4,162.14,7.77,1090.0,804.01,3,15.04436632
201,39,190.68,0.0,125.4,162.14,7.77,1090.0,804.01,14,21.063491799999998
202,39,190.68,0.0,125.4,162.14,7.77,1090.0,804.01,28,26.40003604
203,39,190.68,0.0,125.4,162.14,7.77,1090.0,804.01,56,35.34253976
204,39,190.68,0.0,125.4,162.14,7.77,1090.0,804.01,100,40.56876784
205,40,212.07,0.0,121.62,180.31,5.69,1057.6,779.32,3,12.47262084
206,40,212.07,0.0,121.62,180.31,5.69,1057.6,779.32,14,20.91870184
207,40,212.07,0.0,121.62,180.31,5.69,1057.6,779.32,28,24.90387312
208,40,212.07,0.0,121.62,180.31,5.69,1057.6,779.32,56,34.20490436
209,40,212.07,0.0,121.62,180.31,5.69,1057.6,779.32,100,39.6103962
210,41,229.97,0.0,118.31,195.47,4.63,1029.4,758.59,3,10.0318758
211,41,229.97,0.0,118.31,195.47,4.63,1029.4,758.59,14,20.08443588
212,41,229.97,0.0,118.31,195.47,4.63,1029.4,758.59,28,24.483292759999998
213,41,229.97,0.0,118.31,195.47,4.63,1029.4,758.59,56,31.53663224
214,41,229.97,0.0,118.31,195.47,4.63,1029.4,758.59,100,35.34253976
215,42,190.34,0.0,125.18,161.85,9.88,1088.1,802.59,3,9.4458212
216,42,190.34,0.0,125.18,161.85,9.88,1088.1,802.59,14,22.718234199999998
217,42,190.34,0.0,125.18,161.85,9.88,1088.1,802.59,28,28.46846404
218,42,190.34,0.0,125.18,161.85,9.88,1088.1,802.59,56,38.56239268
219,42,190.34,0.0,125.18,161.85,9.88,1088.1,802.59,100,40.38950408
220,43,166.09,0.0,163.27,176.46,4.49,1058.6,780.09,3,10.76272036
221,43,166.09,0.0,163.27,176.46,4.49,1058.6,780.09,14,25.48303296
222,43,166.09,0.0,163.27,176.46,4.49,1058.6,780.09,28,21.53923024
223,43,166.09,0.0,163.27,176.46,4.49,1058.6,780.09,56,28.62704352
224,43,166.09,0.0,163.27,176.46,4.49,1058.6,780.09,100,33.5430074
230,45,213.72,98.05,24.51,181.71,6.86,1065.8,785.38,3,17.9953236
231,45,213.72,98.05,24.51,181.71,6.86,1065.8,785.38,14,30.38520732
232,45,213.72,98.05,24.51,181.71,6.86,1065.8,785.38,28,45.70536404
233,45,213.72,98.05,24.51,181.71,6.86,1065.8,785.38,56,50.77301264
234,45,213.72,98.05,24.51,181.71,6.86,1065.8,785.38,100,53.90323368
235,46,213.76,98.06,24.52,181.74,6.65,1066.0,785.52,3,13.18278112
236,46,213.76,98.06,24.52,181.74,6.65,1066.0,785.52,14,17.83674412
237,46,213.76,98.06,24.52,181.74,6.65,1066.0,785.52,28,40.2309246
238,46,213.76,98.06,24.52,181.74,6.65,1066.0,785.52,56,47.13257936
239,46,213.76,98.06,24.52,181.74,6.65,1066.0,785.52,100,49.973220479999995
240,47,229.68,0.0,118.16,195.23,6.13,1028.1,757.63,3,13.35515012
241,47,229.68,0.0,118.16,195.23,6.13,1028.1,757.63,14,22.31833812
242,47,229.68,0.0,118.16,195.23,6.13,1028.1,757.63,28,24.53845084
243,47,229.68,0.0,118.16,195.23,6.13,1028.1,757.63,56,31.35047372
244,47,229.68,0.0,118.16,195.23,6.13,1028.1,757.63,100,40.85834776
245,48,238.05,0.0,94.11,186.66,7.0,949.91,847.01,3,19.93275116
246,48,238.05,0.0,94.11,186.66,7.0,949.91,847.01,14,25.68987576
247,48,238.05,0.0,94.11,186.66,7.0,949.91,847.01,28,30.2335226
248,48,238.05,0.0,94.11,186.66,7.0,949.91,847.01,56,39.58971192
249,48,238.05,0.0,94.11,186.66,7.0,949.91,847.01,100,44.298833
250,49,250.0,0.0,95.69,187.42,5.53,956.86,861.17,3,13.817099039999999
251,49,250.0,0.0,95.69,187.42,5.53,956.86,861.17,14,24.91766264
252,49,250.0,0.0,95.69,187.42,5.53,956.86,861.17,28,29.21999288
253,49,250.0,0.0,95.69,187.42,5.53,956.86,861.17,56,38.32797084
254,49,250.0,0.0,95.69,187.42,5.53,956.86,861.17,100,42.347615919999996
255,50,212.52,0.0,100.37,159.32,8.71,1007.8,903.59,3,13.54130864
256,50,212.52,0.0,100.37,159.32,8.71,1007.8,903.59,14,26.310404159999997
257,50,212.52,0.0,100.37,159.32,8.71,1007.8,903.59,28,31.640053639999998
258,50,212.52,0.0,100.37,159.32,8.71,1007.8,903.59,56,42.54756396
259,50,212.52,0.0,100.37,159.32,8.71,1007.8,903.59,100,42.919881
260,51,212.57,0.0,100.39,159.35,10.37,1003.8,903.79,3,13.33446584
261,51,212.57,0.0,100.39,159.35,10.37,1003.8,903.79,14,25.3727168
262,51,212.57,0.0,100.39,159.35,10.37,1003.8,903.79,28,37.404073
263,51,212.57,0.0,100.39,159.35,10.37,1003.8,903.79,56,44.395359639999995
264,51,212.57,0.0,100.39,159.35,10.37,1003.8,903.79,100,47.739318239999996
265,52,212.0,0.0,124.78,159.0,7.84,1085.4,799.54,3,19.519065559999998
266,52,212.0,0.0,124.78,159.0,7.84,1085.4,799.54,14,31.35047372
267,52,212.0,0.0,124.78,159.0,7.84,1085.4,799.54,28,38.500339839999995
268,52,212.0,0.0,124.78,159.0,7.84,1085.4,799.54,56,45.08483564
269,52,212.0,0.0,124.78,159.0,7.84,1085.4,799.54,100,47.8151606
270,53,231.75,0.0,121.62,173.96,6.72,1056.4,778.45,3,15.43736764
271,53,231.75,0.0,121.62,173.96,6.72,1056.4,778.45,14,26.77235308
272,53,231.75,0.0,121.62,173.96,6.72,1056.4,778.45,28,33.72916592
273,53,231.75,0.0,121.62,173.96,6.72,1056.4,778.45,56,42.69924868
274,53,231.75,0.0,121.62,173.96,6.72,1056.4,778.45,100,45.83636448
275,54,251.37,0.0,118.27,188.45,5.75,1028.4,757.73,3,17.22311048
276,54,251.37,0.0,118.27,188.45,5.75,1028.4,757.73,14,29.93015316
277,54,251.37,0.0,118.27,188.45,5.75,1028.4,757.73,28,29.654362759999998
278,54,251.37,0.0,118.27,188.45,5.75,1028.4,757.73,56,36.96970312
279,54,251.37,0.0,118.27,188.45,5.75,1028.4,757.73,100,43.58177796
280,55,251.37,0.0,118.27,188.45,6.35,1028.4,757.73,3,13.12072828
281,55,251.37,0.0,118.27,188.45,6.35,1028.4,757.73,14,24.42813468
282,55,251.37,0.0,118.27,188.45,6.35,1028.4,757.73,28,32.66047812
283,55,251.37,0.0,118.27,188.45,6.35,1028.4,757.73,56,36.63875464
284,55,251.37,0.0,118.27,188.45,6.35,1028.4,757.73,100,44.209201119999996
290,57,182.04,45.21,121.97,170.21,8.19,1059.4,780.65,3,7.3153403599999995
291,57,182.04,45.21,121.97,170.21,8.19,1059.4,780.65,14,21.504756439999998
292,57,182.04,45.21,121.97,170.21,8.19,1059.4,780.65,28,31.2677366
293,57,182.04,45.21,121.97,170.21,8.19,1059.4,780.65,56,43.49904084
294,57,182.04,45.21,121.97,170.21,8.19,1059.4,780.65,100,48.67011084
295,58,168.88,42.22,124.25,158.33,10.83,1080.8,796.15,3,7.3980774799999995
296,58,168.88,42.22,124.25,158.33,10.83,1080.8,796.15,14,23.5111316
297,58,168.88,42.22,124.25,158.33,10.83,1080.8,796.15,28,31.11605188
298,58,168.88,42.22,124.25,158.33,10.83,1080.8,796.15,56,39.14844728
299,58,168.88,42.22,124.25,158.33,10.83,1080.8,796.15,100,48.15300384
300,59,290.35,0.0,96.18,168.08,9.41,961.18,865.0,3,22.50449664
301,59,290.35,0.0,96.18,168.08,9.41,961.18,865.0,14,34.67374804
302,59,290.35,0.0,96.18,168.08,9.41,961.18,865.0,28,34.73580088
303,59,290.35,0.0,96.18,168.08,9.41,961.18,865.0,56,45.08483564
304,59,290.35,0.0,96.18,168.08,9.41,961.18,865.0,100,48.97348028
320,63,249.1,0.0,98.75,158.11,12.8,987.76,889.01,3,15.361525279999999
321,63,249.1,0.0,98.75,158.11,12.8,987.76,889.01,14,28.6822016
322,63,249.1,0.0,98.75,158.11,12.8,987.76,889.01,28,30.84715624
323,63,249.1,0.0,98.75,158.11,12.8,987.76,889.01,56,42.030456959999995
324,63,249.1,0.0,98.75,158.11,12.8,987.76,889.01,100,51.0556978
330,65,246.83,0.0,125.08,143.3,11.99,1086.8,800.89,3,23.52492112
331,65,246.83,0.0,125.08,143.3,11.99,1086.8,800.89,14,42.21661548
332,65,246.83,0.0,125.08,143.3,11.99,1086.8,800.89,28,52.5035974
333,65,246.83,0.0,125.08,143.3,11.99,1086.8,800.89,56,60.32225524
334,65,246.83,0.0,125.08,143.3,11.99,1086.8,800.89,100,66.42411784
340,67,297.16,0.0,117.54,174.8,9.52,1022.8,753.45,3,21.91154728
341,67,297.16,0.0,117.54,174.8,9.52,1022.8,753.45,14,36.990387399999996
342,67,297.16,0.0,117.54,174.8,9.52,1022.8,753.45,28,47.401475
343,67,297.16,0.0,117.54,174.8,9.52,1022.8,753.45,56,51.95891136
344,67,297.16,0.0,117.54,174.8,9.52,1022.8,753.45,100,56.7438748
345,68,213.74,0.0,174.74,154.79,10.16,1053.5,776.35,3,17.57474324
346,68,213.74,0.0,174.74,154.79,10.16,1053.5,776.35,14,33.72916592
347,68,213.74,0.0,174.74,154.79,10.16,1053.5,776.35,28,40.14818748
348,68,213.74,0.0,174.74,154.79,10.16,1053.5,776.35,56,46.6430514
349,68,213.74,0.0,174.74,154.79,10.16,1053.5,776.35,100,50.07664188
350,69,213.5,0.0,174.24,154.61,11.66,1052.3,775.48,3,17.36790044
351,69,213.5,0.0,174.24,154.61,11.66,1052.3,775.48,14,33.70158688
352,69,213.5,0.0,174.24,154.61,11.66,1052.3,775.48,28,45.939785879999995
353,69,213.5,0.0,174.24,154.61,11.66,1052.3,775.48,56,51.4349096
354,69,213.5,0.0,174.24,154.61,11.66,1052.3,775.48,100,59.30183076
355,70,277.19,97.82,24.46,160.7,11.19,1061.7,782.46,3,30.44726016
356,70,277.19,97.82,24.46,160.7,11.19,1061.7,782.46,14,47.7117392
357,70,277.19,97.82,24.46,160.7,11.19,1061.7,782.46,28,63.14221208
358,70,277.19,97.82,24.46,160.7,11.19,1061.7,782.46,56,66.82401392
359,70,277.19,97.82,24.46,160.7,11.19,1061.7,782.46,100,66.9481196
360,71,218.23,54.64,123.78,140.75,11.91,1075.7,792.67,3,27.42046052
361,71,218.23,54.64,123.78,140.75,11.91,1075.7,792.67,14,35.9561734
362,71,218.23,54.64,123.78,140.75,11.91,1075.7,792.67,28,55.50971276
363,71,218.23,54.64,123.78,140.75,11.91,1075.7,792.67,56,61.99078716
364,71,218.23,54.64,123.78,140.75,11.91,1075.7,792.67,100,63.528318639999995
365,72,214.9,53.8,121.89,155.63,9.61,1014.3,780.58,3,18.01600788
366,72,214.9,53.8,121.89,155.63,9.61,1014.3,780.58,14,38.60376124
367,72,214.9,53.8,121.89,155.63,9.61,1014.3,780.58,28,52.20022796
368,72,214.9,53.8,121.89,155.63,9.61,1014.3,780.58,56,53.95839176
369,72,214.9,53.8,121.89,155.63,9.61,1014.3,780.58,100,56.63355864
370,73,218.85,0.0,124.13,158.49,11.33,1078.7,794.91,3,15.340841
371,73,218.85,0.0,124.13,158.49,11.33,1078.7,794.91,14,26.04840328
372,73,218.85,0.0,124.13,158.49,11.33,1078.7,794.91,28,30.219733079999997
373,73,218.85,0.0,124.13,158.49,11.33,1078.7,794.91,56,37.2661778
374,73,218.85,0.0,124.13,158.49,11.33,1078.7,794.91,100,46.2293658
375,74,376.0,0.0,0.0,214.6,0.0,1003.5,762.36,3,16.27852836
376,74,376.0,0.0,0.0,214.6,0.0,1003.5,762.36,14,25.62092816
377,74,376.0,0.0,0.0,214.6,0.0,1003.5,762.36,28,31.971002119999998
378,74,376.0,0.0,0.0,214.6,0.0,1003.5,762.36,56,36.3009114
379,74,376.0,0.0,0.0,214.6,0.0,1003.5,762.36,100,43.0577762
380,75,500.0,0.0,0.0,140.0,4.0,966.0,853.0,28,67.568648
381,76,475.0,0.0,59.0,142.0,1.9,1098.0,641.0,28,57.226507999999995
382,77,315.0,137.0,0.0,145.0,5.9,1130.0,745.0,28,81.75116932
384,79,451.0,0.0,0.0,165.0,11.25,1030.0,745.0,28,78.80021203999999
385,80,516.0,0.0,0.0,162.0,8.2,801.0,802.0,28,41.36856
386,81,520.0,0.0,0.0,170.0,5.2,855.0,855.0,28,60.280886679999995
387,82,528.0,0.0,0.0,185.0,6.86,920.0,720.0,28,56.83350668
388,83,520.0,0.0,0.0,175.0,5.2,870.0,805.0,28,51.021224
389,84,385.0,0.0,136.0,158.0,20.0,903.0,768.0,28,55.55108132
391,86,450.1,50.0,0.0,200.0,3.0,1124.4,613.2,28,39.37597436
393,88,333.0,17.5,163.0,167.0,17.9,996.0,652.0,28,47.27736932
394,89,334.0,17.6,158.0,189.0,15.3,967.0,633.0,28,44.32641204
395,90,405.0,0.0,0.0,175.0,0.0,1120.0,695.0,28,52.30364936
396,91,200.0,200.0,0.0,190.0,0.0,1145.0,660.0,28,49.249270679999995
397,92,516.0,0.0,0.0,162.0,8.26,801.0,802.0,28,41.36856
398,93,145.0,116.0,119.0,184.0,5.7,833.0,880.0,28,29.15794004
399,94,160.0,128.0,122.0,182.0,6.4,824.0,879.0,28,39.39665864
400,95,234.0,156.0,0.0,189.0,5.85,981.0,760.0,28,39.300132
401,96,250.0,180.0,95.0,159.0,9.45,860.0,800.0,28,67.86512268
402,97,475.0,0.0,0.0,162.0,9.5,1044.0,662.0,28,58.522722879999996
403,98,285.0,190.0,0.0,163.0,7.6,1031.0,685.0,28,53.57917996
404,99,356.0,119.0,0.0,160.0,9.03,1061.0,657.0,28,58.99846132
405,100,275.0,180.0,120.0,162.0,10.35,830.0,765.0,28,76.23536132
406,101,500.0,0.0,0.0,151.0,9.0,1033.0,655.0,28,69.83702404
407,102,165.0,0.02,143.57,163.81,0.0,1005.6,900.9,3,14.39625888
408,103,165.0,128.5,132.1,175.06,8.08,1005.8,746.6,3,19.41564416
412,107,173.54,50.05,173.53,164.77,6.47,1006.2,793.5,3,23.07676172
414,109,173.81,93.37,159.9,172.34,9.73,1007.2,746.6,3,15.81657944
415,110,190.34,0.0,125.18,166.61,9.88,1079.0,798.9,3,12.5484632
416,111,250.0,0.0,95.69,191.84,5.33,948.9,857.2,3,8.48744956
418,113,194.68,0.0,100.52,170.17,7.48,998.0,901.8,3,12.17614616
419,114,251.37,0.0,118.27,192.94,5.75,1043.6,754.3,3,11.98309288
420,102,165.0,0.02,143.57,163.81,0.0,1005.6,900.9,14,16.87837248
421,103,165.0,128.5,132.1,175.06,8.08,1005.8,746.6,14,33.08795324
425,107,173.54,50.05,173.53,164.77,6.47,1006.2,793.5,14,33.00521612
427,109,173.81,93.37,159.9,172.34,9.73,1007.2,746.6,14,29.55094136
428,110,190.34,0.0,125.18,166.61,9.88,1079.0,798.9,14,19.41564416
429,111,250.0,0.0,95.69,191.84,5.33,948.9,857.2,14,24.65566176
431,113,194.68,0.0,100.52,170.17,7.48,998.0,901.8,14,24.28334472
432,114,251.37,0.0,118.27,192.94,5.75,1043.6,754.3,14,20.72564856
433,102,165.0,0.02,143.57,163.81,0.0,1005.6,900.9,28,26.200088
434,103,165.0,128.5,132.1,175.06,8.08,1005.8,746.6,28,46.38794528
438,107,173.54,50.05,173.53,164.77,6.47,1006.2,793.5,28,38.20386516
440,109,173.81,93.37,159.9,172.34,9.73,1007.2,746.6,28,37.810863839999996
441,110,190.34,0.0,125.18,166.61,9.88,1079.0,798.9,28,24.84871504
442,111,250.0,0.0,95.69,191.84,5.33,948.9,857.2,28,27.22051248
444,113,194.68,0.0,100.52,170.17,7.48,998.0,901.8,28,37.2661778
445,114,251.37,0.0,118.27,192.94,5.75,1043.6,754.3,28,33.27411176
446,102,165.0,0.02,143.57,163.81,0.0,1005.6,900.9,56,36.56291228
447,103,165.0,128.5,132.1,175.06,8.08,1005.8,746.6,56,53.72396992
451,107,173.54,50.05,173.53,164.77,6.47,1006.2,793.5,56,53.77223324
453,109,173.81,93.37,159.9,172.34,9.73,1007.2,746.6,56,48.9872698
454,110,190.34,0.0,125.18,166.61,9.88,1079.0,798.9,56,31.715896
455,111,250.0,0.0,95.69,191.84,5.33,948.9,857.2,56,39.64487
457,113,194.68,0.0,100.52,170.17,7.48,998.0,901.8,56,43.388724679999996
458,114,251.37,0.0,118.27,192.94,5.75,1043.6,754.3,56,39.2656582
459,102,165.0,0.02,143.57,163.81,0.0,1005.6,900.9,100,37.9556538
460,103,165.0,128.5,132.1,175.06,8.08,1005.8,746.6,100,55.020184799999996
464,107,173.54,50.05,173.53,164.77,6.47,1006.2,793.5,100,56.061293559999996
466,109,173.81,93.37,159.9,172.34,9.73,1007.2,746.6,100,50.93848688
467,110,190.34,0.0,125.18,166.61,9.88,1079.0,798.9,100,33.56369168
468,111,250.0,0.0,95.69,191.84,5.33,948.9,857.2,100,41.1617172
470,113,194.68,0.0,100.52,170.17,7.48,998.0,901.8,100,44.27814872
471,114,251.37,0.0,118.27,192.94,5.75,1043.6,754.3,100,40.14818748
472,115,446.0,24.0,79.0,162.0,11.61,967.0,712.0,28,57.02655996
473,116,446.0,24.0,79.0,162.0,11.64,967.0,712.0,28,44.42293868
474,116,446.0,24.0,79.0,162.0,11.64,967.0,712.0,28,51.021224
475,117,446.0,24.0,79.0,162.0,10.3,967.0,712.0,28,53.38612668
476,115,446.0,24.0,79.0,162.0,11.61,967.0,712.0,3,35.36322404
477,116,446.0,24.0,79.0,162.0,11.64,967.0,712.0,3,25.021084039999998
478,116,446.0,24.0,79.0,162.0,11.64,967.0,712.0,3,23.34565736
479,115,446.0,24.0,79.0,162.0,11.61,967.0,712.0,7,52.00717468
480,116,446.0,24.0,79.0,162.0,11.64,967.0,712.0,7,38.01770664
481,116,446.0,24.0,79.0,162.0,11.64,967.0,712.0,7,39.300132
482,115,446.0,24.0,79.0,162.0,11.61,967.0,712.0,56,61.06688932
483,116,446.0,24.0,79.0,162.0,11.64,967.0,712.0,56,56.14403068
484,116,446.0,24.0,79.0,162.0,11.64,967.0,712.0,56,55.25460664
485,117,446.0,24.0,79.0,162.0,10.3,967.0,712.0,56,54.765078679999995
486,118,387.0,20.0,94.0,157.0,14.32,938.0,845.0,28,50.23522136
487,119,387.0,20.0,94.0,157.0,13.93,938.0,845.0,28,46.68441996
488,120,387.0,20.0,94.0,157.0,11.61,938.0,845.0,28,46.68441996
489,118,387.0,20.0,94.0,157.0,14.32,938.0,845.0,3,22.752708
490,119,387.0,20.0,94.0,157.0,13.93,938.0,845.0,3,25.510612
491,120,387.0,20.0,94.0,157.0,11.61,938.0,845.0,3,34.77027468
492,118,387.0,20.0,94.0,157.0,14.32,938.0,845.0,7,36.83870268
493,119,387.0,20.0,94.0,157.0,13.93,938.0,845.0,7,45.89841732
494,120,387.0,20.0,94.0,157.0,11.61,938.0,845.0,7,41.66503468
495,118,387.0,20.0,94.0,157.0,14.32,938.0,845.0,56,56.33708396
496,119,387.0,20.0,94.0,157.0,13.93,938.0,845.0,56,47.96684532
497,120,387.0,20.0,94.0,157.0,11.61,938.0,845.0,56,61.45989064
499,122,355.0,19.0,97.0,145.0,12.25,967.0,871.0,28,55.45455468
500,123,491.0,26.0,123.0,210.0,3.93,882.0,699.0,28,55.55108132
501,124,491.0,26.0,123.0,201.0,3.93,822.0,699.0,28,57.915983999999995
502,123,491.0,26.0,123.0,210.0,3.93,882.0,699.0,3,25.60910856945864
503,123,491.0,26.0,123.0,210.0,3.93,882.0,699.0,7,33.488834284729315
504,123,491.0,26.0,123.0,210.0,3.93,882.0,699.0,56,59.590425715270676
505,124,491.0,26.0,123.0,201.0,3.93,822.0,699.0,3,29.54897143054136
506,124,491.0,26.0,123.0,201.0,3.93,822.0,699.0,7,37.92118
507,124,491.0,26.0,123.0,201.0,3.93,822.0,699.0,56,61.85584685418796
509,126,424.0,22.0,132.0,178.0,8.48,882.0,750.0,3,32.01138571527068
516,128,202.0,11.0,141.0,206.0,1.72,942.0,801.0,28,21.96670536
517,128,202.0,11.0,141.0,206.0,1.72,942.0,801.0,3,9.84965714581204
518,128,202.0,11.0,141.0,206.0,1.72,942.0,801.0,7,15.069975430541358
519,128,202.0,11.0,141.0,206.0,1.72,942.0,801.0,56,23.24519085418796
533,132,289.0,0.0,0.0,192.0,0.0,913.2,895.3,90,32.068218236
534,132,289.0,0.0,0.0,192.0,0.0,913.2,895.3,3,11.654902304
535,133,393.0,0.0,0.0,192.0,0.0,940.6,785.6,3,19.199148695999998
536,133,393.0,0.0,0.0,192.0,0.0,940.6,785.6,90,48.846616696
537,133,393.0,0.0,0.0,192.0,0.0,940.6,785.6,28,39.604880392
543,136,255.0,0.0,0.0,192.0,0.0,889.8,945.0,90,21.859147104
544,136,255.0,0.0,0.0,192.0,0.0,889.8,945.0,7,10.222171176
545,132,289.0,0.0,0.0,192.0,0.0,913.2,895.3,7,14.596896395999998
546,136,255.0,0.0,0.0,192.0,0.0,889.8,945.0,28,18.746162964
549,132,289.0,0.0,0.0,192.0,0.0,913.2,895.3,28,25.573354316
551,133,393.0,0.0,0.0,192.0,0.0,940.6,785.6,7,27.742445811999996
552,136,255.0,0.0,0.0,192.0,0.0,889.8,945.0,3,8.204074924
553,137,158.8,238.2,0.0,185.7,0.0,1040.6,734.3,7,9.617500724000001
554,138,239.6,359.4,0.0,185.7,0.0,941.6,664.3,7,25.422359072
555,139,238.2,158.8,0.0,185.7,0.0,1040.6,734.3,7,15.691094808
556,140,181.9,272.8,0.0,185.7,0.0,1012.4,714.3,28,27.935499091999997
557,141,193.5,290.2,0.0,185.7,0.0,998.2,704.3,28,32.626693796000005
558,142,255.5,170.3,0.0,185.7,0.0,1026.6,724.3,7,17.236210524
560,138,239.6,359.4,0.0,185.7,0.0,941.6,664.3,28,39.435269296
562,145,397.0,0.0,0.0,185.7,0.0,1040.6,734.3,28,33.082437432
563,146,382.5,0.0,0.0,185.7,0.0,1047.8,739.3,7,24.065470304
564,147,210.7,316.1,0.0,185.7,0.0,977.0,689.3,7,21.819846971999997
565,137,158.8,238.2,0.0,185.7,0.0,1040.6,734.3,28,21.066249704
566,148,295.8,0.0,0.0,185.7,0.0,1091.4,769.3,7,14.843728804
567,142,255.5,170.3,0.0,185.7,0.0,1026.6,724.3,28,32.051670812
568,149,203.5,135.7,0.0,185.7,0.0,1076.2,759.3,7,11.957582268
569,145,397.0,0.0,0.0,185.7,0.0,1040.6,734.3,7,25.447869684
570,150,381.4,0.0,0.0,185.7,0.0,1104.6,784.3,28,22.489328168
571,148,295.8,0.0,0.0,185.7,0.0,1091.4,769.3,28,25.216895223999998
572,151,228.0,342.1,0.0,185.7,0.0,955.8,674.3,28,39.699338604
574,152,316.1,210.7,0.0,185.7,0.0,977.0,689.3,28,38.70028788
575,153,135.7,203.5,0.0,185.7,0.0,1076.2,759.3,7,7.507014687999999
576,154,238.1,0.0,0.0,185.7,0.0,1118.8,789.3,28,17.576122192
577,155,339.2,0.0,0.0,185.7,0.0,1069.2,754.3,7,21.179323768
578,153,135.7,203.5,0.0,185.7,0.0,1076.2,759.3,28,18.19871902
579,141,193.5,290.2,0.0,185.7,0.0,998.2,704.3,7,17.200357771999997
580,149,203.5,135.7,0.0,185.7,0.0,1076.2,759.3,28,22.629981272
581,156,290.2,193.5,0.0,185.7,0.0,998.2,704.3,7,21.859147104
582,140,181.9,272.8,0.0,185.7,0.0,1012.4,714.3,7,12.37264682
583,157,170.3,155.5,0.0,185.7,0.0,1026.6,724.3,28,25.726417988
584,147,210.7,316.1,0.0,185.7,0.0,977.0,689.3,28,37.813621743999995
585,151,228.0,342.1,0.0,185.7,0.0,955.8,674.3,7,21.917063088
586,156,290.2,193.5,0.0,185.7,0.0,998.2,704.3,28,33.0431373
587,150,381.4,0.0,0.0,185.7,0.0,1104.6,784.3,7,14.54104884
588,139,238.2,158.8,0.0,185.7,0.0,1040.6,734.3,28,26.91369566
589,158,186.2,124.1,0.0,185.7,0.0,1083.4,764.3,7,7.995853172
590,155,339.2,0.0,0.0,185.7,0.0,1069.2,754.3,28,31.899986092
591,154,238.1,0.0,0.0,185.7,0.0,1118.8,789.3,7,10.335934715999999
592,159,252.5,0.0,0.0,185.7,0.0,1111.6,784.3,28,19.765208492
593,146,382.5,0.0,0.0,185.7,0.0,1047.8,739.3,28,37.437857324
594,159,252.5,0.0,0.0,185.7,0.0,1111.6,784.3,7,11.483912255999998
595,152,316.1,210.7,0.0,185.7,0.0,977.0,689.3,7,24.437787344
596,158,186.2,124.1,0.0,185.7,0.0,1083.4,764.3,28,17.596806471999997
597,157,170.3,155.5,0.0,185.7,0.0,1026.6,724.3,7,10.730314988
599,160,339.0,0.0,0.0,197.0,0.0,968.0,781.0,3,13.22414968
600,160,339.0,0.0,0.0,197.0,0.0,968.0,781.0,7,20.96696516
601,160,339.0,0.0,0.0,197.0,0.0,968.0,781.0,14,27.04124872
602,160,339.0,0.0,0.0,197.0,0.0,968.0,781.0,28,32.039949719999996
603,160,339.0,0.0,0.0,197.0,0.0,968.0,781.0,90,35.17017076
604,160,339.0,0.0,0.0,197.0,0.0,968.0,781.0,180,36.44570136
605,160,339.0,0.0,0.0,197.0,0.0,968.0,781.0,365,38.89334116
606,161,236.0,0.0,0.0,194.0,0.0,968.0,885.0,3,6.467284879999999
607,161,236.0,0.0,0.0,194.0,0.0,968.0,885.0,14,12.83804312
608,161,236.0,0.0,0.0,194.0,0.0,968.0,885.0,28,18.415903959999998
609,161,236.0,0.0,0.0,194.0,0.0,968.0,885.0,90,21.946021079999998
610,162,236.0,0.0,0.0,193.0,0.0,968.0,885.0,180,24.104080959999997
611,162,236.0,0.0,0.0,193.0,0.0,968.0,885.0,365,25.083136879999998
618,164,254.0,0.0,0.0,198.0,0.0,968.0,863.0,3,9.307926
619,164,254.0,0.0,0.0,198.0,0.0,968.0,863.0,90,26.94472208
620,164,254.0,0.0,0.0,198.0,0.0,968.0,863.0,180,27.62730332
621,164,254.0,0.0,0.0,198.0,0.0,968.0,863.0,365,29.7853632
622,165,307.0,0.0,0.0,193.0,0.0,968.0,812.0,180,34.48758952
623,165,307.0,0.0,0.0,193.0,0.0,968.0,812.0,365,36.14922668
624,165,307.0,0.0,0.0,193.0,0.0,968.0,812.0,3,12.541568439999999
625,165,307.0,0.0,0.0,193.0,0.0,968.0,812.0,28,27.53077668
626,165,307.0,0.0,0.0,193.0,0.0,968.0,812.0,90,32.922478999999996
627,162,236.0,0.0,0.0,193.0,0.0,968.0,885.0,7,9.99050724
628,166,200.0,0.0,0.0,180.0,0.0,1125.0,845.0,7,7.8393421199999995
629,166,200.0,0.0,0.0,180.0,0.0,1125.0,845.0,28,12.24509376
632,168,325.0,0.0,0.0,184.0,0.0,1063.0,783.0,7,17.54026944
633,168,325.0,0.0,0.0,184.0,0.0,1063.0,783.0,28,30.57136584
636,170,300.0,0.0,0.0,184.0,0.0,1075.0,795.0,7,15.575262839999999
637,170,300.0,0.0,0.0,184.0,0.0,1075.0,795.0,28,26.848195439999998
638,171,375.0,0.0,0.0,186.0,0.0,1038.0,758.0,7,26.0621928
639,171,375.0,0.0,0.0,186.0,0.0,1038.0,758.0,28,38.21075992
640,172,400.0,0.0,0.0,187.0,0.0,1025.0,745.0,28,43.69898888
641,172,400.0,0.0,0.0,187.0,0.0,1025.0,745.0,7,30.143890719999998
648,177,157.0,236.0,0.0,192.0,0.0,935.4,781.2,90,43.377003588
649,178,141.3,212.0,0.0,203.5,0.0,971.8,748.5,28,29.89223198
650,179,166.8,250.2,0.0,203.5,0.0,975.6,692.6,3,6.902344236
651,180,122.6,183.9,0.0,203.5,0.0,958.2,800.1,90,33.192064116000005
653,182,102.0,153.0,0.0,192.0,0.0,887.0,942.0,3,4.565020596
654,182,102.0,153.0,0.0,192.0,0.0,887.0,942.0,90,25.460969728000002
655,180,122.6,183.9,0.0,203.5,0.0,958.2,800.1,28,24.290928956
656,179,166.8,250.2,0.0,203.5,0.0,975.6,692.6,28,33.947729812
658,184,108.3,162.4,0.0,203.5,0.0,938.2,849.0,28,20.593958644
659,185,305.3,203.5,0.0,203.5,0.0,965.4,631.0,7,25.893960655999997
660,184,108.3,162.4,0.0,203.5,0.0,938.2,849.0,90,29.231713971999998
661,186,116.0,173.0,0.0,192.0,0.0,909.8,891.9,90,31.023662096000002
662,178,141.3,212.0,0.0,203.5,0.0,971.8,748.5,7,10.3938507
663,177,157.0,236.0,0.0,192.0,0.0,935.4,781.2,28,33.664355176
664,187,133.0,200.0,0.0,192.0,0.0,927.4,839.2,28,27.874825204
666,188,173.0,116.0,0.0,192.0,0.0,946.8,856.8,7,11.392211948
667,189,192.0,288.0,0.0,192.0,0.0,929.8,716.1,3,12.788400847999998
668,189,192.0,288.0,0.0,192.0,0.0,929.8,716.1,28,39.321505756
670,191,288.0,192.0,0.0,192.0,0.0,932.0,717.8,3,16.10960674
671,185,305.3,203.5,0.0,203.5,0.0,965.4,631.0,28,43.377003588
673,188,173.0,116.0,0.0,192.0,0.0,946.8,856.8,3,6.940954892
674,193,212.0,141.3,0.0,203.5,0.0,973.4,750.0,7,15.030576799999999
677,179,166.8,250.2,0.0,203.5,0.0,975.6,692.6,7,15.748321315999998
678,182,102.0,153.0,0.0,192.0,0.0,887.0,942.0,7,7.675936308
679,191,288.0,192.0,0.0,192.0,0.0,932.0,717.8,28,38.804398756000005
680,193,212.0,141.3,0.0,203.5,0.0,973.4,750.0,28,33.003837168
681,182,102.0,153.0,0.0,192.0,0.0,887.0,942.0,28,17.275510655999998
682,188,173.0,116.0,0.0,192.0,0.0,946.8,856.8,28,24.281965768
684,187,133.0,200.0,0.0,192.0,0.0,927.4,839.2,90,36.588422892
685,189,192.0,288.0,0.0,192.0,0.0,929.8,716.1,90,50.732333556
686,187,133.0,200.0,0.0,192.0,0.0,927.4,839.2,7,13.664035367999999
687,185,305.3,203.5,0.0,203.5,0.0,965.4,631.0,3,14.143910664
689,184,108.3,162.4,0.0,203.5,0.0,938.2,849.0,3,2.331807832
690,177,157.0,236.0,0.0,192.0,0.0,935.4,781.2,7,16.889404096
691,191,288.0,192.0,0.0,192.0,0.0,932.0,717.8,7,23.523542168
692,193,212.0,141.3,0.0,203.5,0.0,973.4,750.0,3,6.8085755
693,193,212.0,141.3,0.0,203.5,0.0,973.4,750.0,90,39.700028079999996
696,186,116.0,173.0,0.0,192.0,0.0,909.8,891.9,28,22.347985588
698,184,108.3,162.4,0.0,203.5,0.0,938.2,849.0,7,7.723510152
701,187,133.0,200.0,0.0,192.0,0.0,927.4,839.2,3,6.883728383999999
702,191,288.0,192.0,0.0,192.0,0.0,932.0,717.8,90,50.526869708
706,180,122.6,183.9,0.0,203.5,0.0,958.2,800.1,3,3.31982694
709,186,116.0,173.0,0.0,192.0,0.0,909.8,891.9,3,6.280436883999999
710,188,173.0,116.0,0.0,192.0,0.0,946.8,856.8,90,32.102692036
712,185,305.3,203.5,0.0,203.5,0.0,965.4,631.0,90,54.598914963999995
713,189,192.0,288.0,0.0,192.0,0.0,929.8,716.1,7,21.48062478
714,177,157.0,236.0,0.0,192.0,0.0,935.4,781.2,3,9.694722036
716,178,141.3,212.0,0.0,203.5,0.0,971.8,748.5,90,39.6621069
717,186,116.0,173.0,0.0,192.0,0.0,909.8,891.9,7,10.089791784
718,178,141.3,212.0,0.0,203.5,0.0,971.8,748.5,3,4.827710952
719,180,122.6,183.9,0.0,203.5,0.0,958.2,800.1,7,10.354550567999999
720,179,166.8,250.2,0.0,203.5,0.0,975.6,692.6,90,43.565230536
722,194,310.0,0.0,0.0,192.0,0.0,1012.0,830.0,3,11.85209244
723,194,310.0,0.0,0.0,192.0,0.0,1012.0,830.0,7,17.24379476
724,194,310.0,0.0,0.0,192.0,0.0,1012.0,830.0,28,27.827251359999998
725,194,310.0,0.0,0.0,192.0,0.0,1012.0,830.0,90,35.763120119999996
726,194,310.0,0.0,0.0,192.0,0.0,1012.0,830.0,120,38.70028788
727,195,331.0,0.0,0.0,192.0,0.0,1025.0,821.0,3,14.306626999999999
728,195,331.0,0.0,0.0,192.0,0.0,1025.0,821.0,7,17.43684804
729,195,331.0,0.0,0.0,192.0,0.0,1025.0,821.0,28,31.74347504
730,195,331.0,0.0,0.0,192.0,0.0,1025.0,821.0,90,37.91428524
731,195,331.0,0.0,0.0,192.0,0.0,1025.0,821.0,120,39.382869119999995
732,196,349.0,0.0,0.0,192.0,0.0,1056.0,809.0,3,15.87173752
733,196,349.0,0.0,0.0,192.0,0.0,1056.0,809.0,7,9.011451319999999
734,196,349.0,0.0,0.0,192.0,0.0,1056.0,809.0,28,33.60506024
735,196,349.0,0.0,0.0,192.0,0.0,1056.0,809.0,90,40.65839972
736,196,349.0,0.0,0.0,192.0,0.0,1056.0,809.0,120,40.85834776
737,197,238.0,0.0,0.0,186.0,0.0,1119.0,789.0,7,12.052040479999999
738,197,238.0,0.0,0.0,186.0,0.0,1119.0,789.0,28,17.54026944
739,198,296.0,0.0,0.0,186.0,0.0,1090.0,769.0,7,18.91232668
740,198,296.0,0.0,0.0,186.0,0.0,1090.0,769.0,28,25.17966352
741,199,297.0,0.0,0.0,186.0,0.0,1040.0,734.0,7,30.9574724
742,200,480.0,0.0,0.0,192.0,0.0,936.0,721.0,28,43.892042159999995
743,200,480.0,0.0,0.0,192.0,0.0,936.0,721.0,90,54.27555072
744,201,397.0,0.0,0.0,186.0,0.0,1040.0,734.0,28,36.93522932
746,203,281.0,0.0,0.0,185.0,0.0,1104.0,774.0,28,22.435549039999998
747,204,500.0,0.0,0.0,200.0,0.0,1125.0,613.0,1,12.63809508
748,204,500.0,0.0,0.0,200.0,0.0,1125.0,613.0,3,26.0621928
749,204,500.0,0.0,0.0,200.0,0.0,1125.0,613.0,7,33.21205892
750,204,500.0,0.0,0.0,200.0,0.0,1125.0,613.0,14,36.93522932
751,204,500.0,0.0,0.0,200.0,0.0,1125.0,613.0,28,44.0919902
752,205,540.0,0.0,0.0,173.0,0.0,1125.0,613.0,7,52.61391356
753,205,540.0,0.0,0.0,173.0,0.0,1125.0,613.0,14,59.76377968
754,205,540.0,0.0,0.0,173.0,0.0,1125.0,613.0,28,67.30664712
755,205,540.0,0.0,0.0,173.0,0.0,1125.0,613.0,90,69.65776027999999
756,205,540.0,0.0,0.0,173.0,0.0,1125.0,613.0,180,71.62276688
757,205,540.0,0.0,0.0,173.0,0.0,1125.0,613.0,270,74.16693332
758,206,350.0,0.0,0.0,203.0,0.0,974.0,775.0,7,18.12632404
759,206,350.0,0.0,0.0,203.0,0.0,974.0,775.0,14,22.53207568
760,206,350.0,0.0,0.0,203.0,0.0,974.0,775.0,28,27.337723399999998
761,206,350.0,0.0,0.0,203.0,0.0,974.0,775.0,56,29.97841648
762,206,350.0,0.0,0.0,203.0,0.0,974.0,775.0,90,31.35047372
763,206,350.0,0.0,0.0,203.0,0.0,974.0,775.0,180,32.72253096
764,207,385.0,0.0,0.0,186.0,0.0,966.0,763.0,1,6.26733684
765,207,385.0,0.0,0.0,186.0,0.0,966.0,763.0,3,14.699628319999999
766,207,385.0,0.0,0.0,186.0,0.0,966.0,763.0,7,23.221551679999997
767,207,385.0,0.0,0.0,186.0,0.0,966.0,763.0,14,27.923778
768,207,385.0,0.0,0.0,186.0,0.0,966.0,763.0,28,31.35047372
769,208,331.0,0.0,0.0,192.0,0.0,978.0,825.0,180,38.99676256
770,208,331.0,0.0,0.0,192.0,0.0,978.0,825.0,360,41.244454319999996
771,209,349.0,0.0,0.0,192.0,0.0,1047.0,806.0,3,14.98920824
772,208,331.0,0.0,0.0,192.0,0.0,978.0,825.0,3,13.52062436
773,210,382.0,0.0,0.0,186.0,0.0,1047.0,739.0,7,24.00065956
774,210,382.0,0.0,0.0,186.0,0.0,1047.0,739.0,28,37.42475728
775,211,382.0,0.0,0.0,186.0,0.0,1111.0,784.0,7,11.46598588
777,212,339.0,0.0,0.0,185.0,0.0,1069.0,754.0,7,21.160018439999998
778,212,339.0,0.0,0.0,185.0,0.0,1069.0,754.0,28,31.84000168
779,213,295.0,0.0,0.0,185.0,0.0,1069.0,769.0,7,14.796154959999999
780,213,295.0,0.0,0.0,185.0,0.0,1069.0,769.0,28,25.17966352
781,214,238.0,0.0,0.0,185.0,0.0,1118.0,789.0,28,17.54026944
782,215,296.0,0.0,0.0,192.0,0.0,1085.0,765.0,7,14.2032056
783,215,296.0,0.0,0.0,192.0,0.0,1085.0,765.0,28,21.6495464
784,215,296.0,0.0,0.0,192.0,0.0,1085.0,765.0,90,29.39236188
785,216,331.0,0.0,0.0,192.0,0.0,879.0,825.0,3,13.52062436
786,208,331.0,0.0,0.0,192.0,0.0,978.0,825.0,7,16.26473884
787,208,331.0,0.0,0.0,192.0,0.0,978.0,825.0,28,31.44700036
788,208,331.0,0.0,0.0,192.0,0.0,978.0,825.0,90,37.231704
789,209,349.0,0.0,0.0,192.0,0.0,1047.0,806.0,7,18.12632404
790,209,349.0,0.0,0.0,192.0,0.0,1047.0,806.0,28,32.72253096
791,209,349.0,0.0,0.0,192.0,0.0,1047.0,806.0,90,39.48629052
792,209,349.0,0.0,0.0,192.0,0.0,1047.0,806.0,180,41.05140104
793,209,349.0,0.0,0.0,192.0,0.0,1047.0,806.0,360,42.126983599999996
796,218,525.0,0.0,0.0,189.0,0.0,1125.0,613.0,180,61.921839559999995
797,204,500.0,0.0,0.0,200.0,0.0,1125.0,613.0,90,47.22221124
798,204,500.0,0.0,0.0,200.0,0.0,1125.0,613.0,180,51.04190828
799,204,500.0,0.0,0.0,200.0,0.0,1125.0,613.0,270,55.15808
800,205,540.0,0.0,0.0,173.0,0.0,1125.0,613.0,3,41.63745564
801,219,252.0,0.0,0.0,185.0,0.0,1111.0,784.0,7,13.71367764
802,219,252.0,0.0,0.0,185.0,0.0,1111.0,784.0,28,19.691434559999998
803,220,339.0,0.0,0.0,185.0,0.0,1060.0,754.0,28,31.6469484
804,221,393.0,0.0,0.0,192.0,0.0,940.0,758.0,3,19.10537996
805,221,393.0,0.0,0.0,192.0,0.0,940.0,758.0,28,39.58281716
806,221,393.0,0.0,0.0,192.0,0.0,940.0,758.0,90,48.79421652
810,219,252.0,0.0,0.0,185.0,0.0,1111.0,784.0,28,19.691434559999998
811,224,310.0,0.0,0.0,192.0,0.0,970.0,850.0,7,14.98920824
812,224,310.0,0.0,0.0,192.0,0.0,970.0,850.0,28,27.923778
813,224,310.0,0.0,0.0,192.0,0.0,970.0,850.0,90,34.6806428
814,224,310.0,0.0,0.0,192.0,0.0,970.0,850.0,180,37.32823064
815,224,310.0,0.0,0.0,192.0,0.0,970.0,850.0,360,38.11423328
816,218,525.0,0.0,0.0,189.0,0.0,1125.0,613.0,3,33.79811352
817,218,525.0,0.0,0.0,189.0,0.0,1125.0,613.0,7,42.42345828
818,218,525.0,0.0,0.0,189.0,0.0,1125.0,613.0,14,48.401215199999996
819,218,525.0,0.0,0.0,189.0,0.0,1125.0,613.0,28,55.94408264
820,218,525.0,0.0,0.0,189.0,0.0,1125.0,613.0,90,58.78472376
821,218,525.0,0.0,0.0,189.0,0.0,1125.0,613.0,270,67.11359384
822,225,322.0,0.0,0.0,203.0,0.0,974.0,800.0,14,20.77391188
823,225,322.0,0.0,0.0,203.0,0.0,974.0,800.0,28,25.17966352
824,225,322.0,0.0,0.0,203.0,0.0,974.0,800.0,180,29.58541516
827,200,480.0,0.0,0.0,192.0,0.0,936.0,721.0,3,24.39366088
828,227,522.0,0.0,0.0,146.0,0.0,896.0,896.0,7,50.511011759999995
829,227,522.0,0.0,0.0,146.0,0.0,896.0,896.0,28,74.98740975999999
830,228,273.0,105.0,82.0,210.0,9.0,904.0,680.0,28,37.16965116
831,229,162.0,190.0,148.0,179.0,19.0,838.0,741.0,28,33.75674496
832,230,154.0,144.0,112.0,220.0,10.0,923.0,658.0,28,16.49916068
833,231,147.0,115.0,89.0,202.0,9.0,860.0,829.0,28,19.98790924
834,232,152.0,178.0,139.0,168.0,18.0,944.0,695.0,28,36.34917472
835,233,310.0,143.0,111.0,168.0,22.0,914.0,651.0,28,33.68779736
836,234,144.0,0.0,175.0,158.0,18.0,943.0,844.0,28,15.41668336
840,238,153.0,239.0,0.0,200.0,6.0,1002.0,684.0,28,26.8550902
841,239,310.0,143.0,0.0,168.0,10.0,914.0,804.0,28,45.2985732
842,240,305.0,0.0,100.0,196.0,10.0,959.0,705.0,28,30.12320644
844,242,142.0,167.0,130.0,174.0,11.0,883.0,785.0,28,44.6090972
845,243,298.0,137.0,107.0,201.0,6.0,878.0,655.0,28,53.52402188
846,244,321.0,164.0,0.0,190.0,5.0,870.0,774.0,28,57.21271848
847,245,366.0,187.0,0.0,191.0,7.0,824.0,757.0,28,65.90701084
848,246,280.0,129.0,100.0,172.0,9.0,825.0,805.0,28,52.82075636
850,248,165.0,0.0,150.0,182.0,12.0,1023.0,729.0,28,18.0297974
852,250,160.0,188.0,146.0,203.0,11.0,829.0,710.0,28,32.83974188
854,252,318.0,0.0,126.0,210.0,6.0,861.0,737.0,28,40.0585556
855,253,287.0,121.0,94.0,188.0,9.0,904.0,696.0,28,41.940825079999996
856,254,326.0,166.0,0.0,174.0,9.0,882.0,790.0,28,61.232363559999996
857,255,356.0,0.0,142.0,193.0,11.0,801.0,778.0,28,40.865242519999995
858,256,132.0,207.0,161.0,179.0,5.0,867.0,736.0,28,33.301690799999996
859,257,322.0,149.0,0.0,186.0,8.0,951.0,709.0,28,52.42086028
861,259,314.0,0.0,113.0,170.0,10.0,925.0,783.0,28,38.45897128
862,260,321.0,0.0,128.0,182.0,11.0,870.0,780.0,28,37.25928304
863,261,140.0,164.0,128.0,237.0,6.0,869.0,656.0,28,35.225328839999996
864,262,288.0,121.0,0.0,177.0,7.0,908.0,829.0,28,42.13387836
865,263,298.0,0.0,107.0,210.0,11.0,880.0,744.0,28,31.874475479999997
866,264,265.0,111.0,86.0,195.0,6.0,833.0,790.0,28,41.540929
867,265,160.0,250.0,0.0,168.0,12.0,1049.0,688.0,28,39.45181672
869,267,276.0,116.0,90.0,180.0,9.0,870.0,768.0,28,44.27814872
870,268,322.0,0.0,116.0,196.0,10.0,818.0,813.0,28,31.17810472
871,269,149.0,139.0,109.0,193.0,6.0,892.0,780.0,28,23.69039536
872,270,159.0,187.0,0.0,176.0,11.0,990.0,789.0,28,32.763899519999995
873,271,261.0,100.0,78.0,201.0,9.0,864.0,761.0,28,32.39847724
874,272,237.0,92.0,71.0,247.0,6.0,853.0,695.0,28,28.62704352
875,273,313.0,0.0,113.0,178.0,8.0,1002.0,689.0,28,36.80422888
876,274,155.0,183.0,0.0,193.0,9.0,1047.0,697.0,28,18.28490352
877,275,146.0,230.0,0.0,202.0,3.0,827.0,872.0,28,33.0603742
878,276,296.0,0.0,107.0,221.0,11.0,819.0,778.0,28,31.419421319999998
879,277,133.0,210.0,0.0,196.0,3.0,949.0,795.0,28,31.026419999999998
880,278,313.0,145.0,0.0,178.0,8.0,867.0,824.0,28,44.38846488
883,281,140.0,133.0,103.0,200.0,7.0,916.0,753.0,28,36.4388066
884,282,149.0,236.0,0.0,176.0,13.0,847.0,893.0,28,32.956952799999996
885,283,300.0,0.0,120.0,212.0,10.0,878.0,728.0,28,23.83518532
886,284,153.0,145.0,113.0,178.0,8.0,867.0,824.0,28,26.22766704
887,285,148.0,0.0,137.0,158.0,16.0,1002.0,830.0,28,17.95395504
888,286,326.0,0.0,138.0,199.0,11.0,801.0,792.0,28,40.679083999999996
889,287,153.0,145.0,0.0,178.0,8.0,1000.0,822.0,28,19.00885332
890,288,262.0,111.0,86.0,195.0,5.0,895.0,733.0,28,33.7153764
891,289,158.0,0.0,195.0,220.0,11.0,898.0,713.0,28,8.53571288
892,290,151.0,0.0,185.0,167.0,16.0,1074.0,678.0,28,13.45857152
893,291,273.0,0.0,90.0,199.0,11.0,931.0,762.0,28,32.23989776
894,292,149.0,118.0,92.0,183.0,7.0,953.0,780.0,28,23.51802636
897,295,313.0,161.0,0.0,178.0,10.0,917.0,759.0,28,52.44154456
899,297,336.0,0.0,0.0,182.0,3.0,986.0,817.0,28,44.86420332
900,298,145.0,0.0,134.0,181.0,11.0,979.0,812.0,28,13.19657064
901,299,150.0,237.0,0.0,174.0,12.0,1069.0,675.0,28,37.431652039999996
902,300,144.0,170.0,133.0,192.0,8.0,814.0,805.0,28,29.86810032
903,301,331.0,170.0,0.0,195.0,8.0,811.0,802.0,28,56.61287436
904,302,155.0,0.0,143.0,193.0,9.0,1047.0,697.0,28,12.45883132
905,303,155.0,183.0,0.0,193.0,9.0,877.0,868.0,28,23.786922
906,304,135.0,0.0,166.0,180.0,10.0,961.0,805.0,28,13.29309728
907,305,266.0,112.0,87.0,178.0,10.0,910.0,745.0,28,39.417342919999996
908,306,314.0,145.0,113.0,179.0,8.0,869.0,690.0,28,46.2293658
909,307,313.0,145.0,0.0,127.0,8.0,1000.0,822.0,28,44.51946532
910,308,146.0,173.0,0.0,182.0,3.0,986.0,817.0,28,23.73865868
912,310,148.0,0.0,182.0,181.0,15.0,839.0,884.0,28,15.520104759999999
913,311,277.0,117.0,91.0,191.0,7.0,946.0,666.0,28,43.5748832
914,312,298.0,0.0,107.0,164.0,13.0,953.0,784.0,28,35.85964676
915,313,313.0,145.0,0.0,178.0,8.0,1002.0,689.0,28,41.05140104
916,314,155.0,184.0,143.0,194.0,9.0,880.0,699.0,28,28.98557104
917,315,289.0,134.0,0.0,195.0,6.0,924.0,760.0,28,46.24315532
918,316,148.0,175.0,0.0,171.0,2.0,1000.0,828.0,28,26.91714304
919,317,145.0,0.0,179.0,202.0,8.0,824.0,869.0,28,10.53519328
920,318,313.0,0.0,0.0,178.0,8.0,1000.0,822.0,28,25.0969264
921,319,136.0,162.0,126.0,172.0,10.0,923.0,764.0,28,29.06830816
922,320,155.0,0.0,143.0,193.0,9.0,877.0,868.0,28,9.735401119999999
923,321,255.0,99.0,77.0,189.0,6.0,919.0,749.0,28,33.79811352
924,322,162.0,207.0,172.0,216.0,10.0,822.0,638.0,28,39.84481804
926,324,164.0,163.0,128.0,197.0,8.0,961.0,641.0,28,27.234302
927,325,162.0,214.0,164.0,202.0,10.0,820.0,680.0,28,30.647208199999998
929,327,149.0,153.0,194.0,192.0,8.0,935.0,623.0,28,24.579819399999998
931,329,159.0,209.0,161.0,201.0,7.0,848.0,669.0,28,30.881630039999997
933,331,154.0,174.0,185.0,228.0,7.0,845.0,612.0,28,24.3385028
934,332,167.0,187.0,195.0,185.0,7.0,898.0,636.0,28,23.8903434
935,333,184.0,86.0,190.0,213.0,6.0,923.0,623.0,28,22.93197176
936,334,156.0,178.0,187.0,221.0,7.0,854.0,614.0,28,29.41304616
937,335,236.9,91.7,71.5,246.9,6.0,852.9,695.4,28,28.629801423999997
938,336,313.3,0.0,113.0,178.5,8.0,1001.9,688.7,28,36.804918356
940,338,145.9,230.5,0.0,202.5,3.4,827.0,871.8,28,32.720462532
941,339,296.0,0.0,106.7,221.4,10.5,819.2,778.4,28,31.420110796000003
942,340,133.1,210.2,0.0,195.7,3.1,949.4,795.3,28,28.937997196
943,341,313.3,145.0,0.0,178.5,8.0,867.2,824.0,28,40.925226931999994
944,342,151.6,0.0,111.9,184.4,7.9,992.0,815.9,28,12.180972492
945,343,153.1,145.0,113.0,178.5,8.0,1001.9,688.7,28,25.559564796
946,344,139.9,132.6,103.3,200.3,7.4,916.0,753.4,28,36.443632932
947,345,149.5,236.0,0.0,175.8,12.6,846.8,892.7,28,32.96384756
948,346,299.8,0.0,119.8,211.5,9.9,878.2,727.6,28,23.835874796
949,347,153.1,145.0,113.0,178.5,8.0,867.2,824.0,28,26.233182848000002
950,348,148.1,0.0,136.6,158.1,16.1,1001.8,830.1,28,17.959470848000002
951,349,326.5,0.0,137.9,199.0,10.8,801.1,792.5,28,38.630650804
952,350,152.7,144.7,0.0,178.1,8.0,999.7,822.2,28,19.009542795999998
953,351,261.9,110.5,86.1,195.4,5.0,895.2,732.6,28,33.71882378
955,353,150.7,0.0,185.3,166.7,15.6,1074.5,678.0,28,13.461329424
956,354,272.6,0.0,89.6,198.7,10.6,931.3,762.2,28,32.245413568000004
957,355,149.0,117.6,91.7,182.9,7.1,953.4,780.3,28,23.524231644
959,357,259.9,100.6,78.4,170.6,10.4,935.7,762.9,28,49.77327244
960,358,312.9,160.5,0.0,177.6,9.6,916.6,759.5,28,52.446370892
961,359,284.0,119.7,0.0,168.3,7.2,970.4,794.2,28,40.934879596
962,360,336.5,0.0,0.0,181.9,3.4,985.8,816.8,28,44.868340176000004
963,361,144.8,0.0,133.6,180.8,11.1,979.5,811.5,28,13.202086448
964,362,150.0,236.8,0.0,173.8,11.9,1069.3,674.8,28,37.431652039999996
965,363,143.7,170.2,132.6,191.6,8.5,814.1,805.3,28,29.870858223999996
966,364,330.5,169.6,0.0,194.9,8.1,811.0,802.3,28,56.619079643999996
967,365,154.8,0.0,142.8,193.3,9.1,1047.4,696.7,28,12.459520796
968,366,154.8,183.4,0.0,193.3,9.1,877.2,867.7,28,23.786922
969,367,134.7,0.0,165.7,180.2,10.0,961.0,804.9,28,13.293786756
970,368,266.2,112.3,87.5,177.9,10.4,909.7,744.5,28,39.421479776
971,369,314.0,145.3,113.2,178.9,8.0,869.1,690.2,28,46.234192132
972,370,312.7,144.7,0.0,127.3,8.0,999.7,822.2,28,44.523602176000004
973,371,145.7,172.6,0.0,181.9,3.4,985.8,816.8,28,23.744174488
974,372,143.8,136.3,106.2,178.1,7.5,941.5,774.3,28,26.147687824
975,373,148.1,0.0,182.1,181.4,15.0,838.9,884.3,28,15.526310044
977,375,298.1,0.0,107.5,163.6,12.8,953.2,784.0,28,35.86585204399999
978,376,313.3,145.0,0.0,178.5,8.0,1001.9,688.7,28,41.053469468
979,377,155.2,183.9,143.2,193.8,9.2,879.6,698.5,28,28.991086848000002
980,378,289.0,133.7,0.0,194.9,5.5,924.1,760.1,28,46.247292176
982,380,145.4,0.0,178.9,201.7,7.8,824.0,868.7,28,10.535882756
983,381,312.7,0.0,0.0,178.1,8.0,999.7,822.2,28,25.10382116
984,382,136.4,161.6,125.8,171.6,10.4,922.6,764.4,28,29.073134491999998
985,383,154.8,0.0,142.8,193.3,9.1,877.2,867.7,28,9.738159024
986,384,255.3,98.8,77.0,188.6,6.5,919.0,749.3,28,33.798802996
988,386,162.0,190.1,148.1,178.8,18.8,838.1,741.4,28,33.762260768
989,387,153.6,144.2,112.3,220.1,10.1,923.2,657.9,28,16.503987012
993,391,143.6,0.0,174.9,158.4,17.9,942.7,844.5,28,15.42357812
995,393,374.3,0.0,0.0,190.2,6.7,1013.2,730.4,28,39.056057496
996,394,158.6,148.9,116.0,175.1,15.0,953.3,719.7,28,27.681082448
997,395,152.6,238.7,0.0,200.0,6.3,1001.8,683.9,28,26.859916531999996
998,396,310.0,142.8,0.0,167.9,10.0,914.3,804.0,28,45.304778483999996
999,397,304.8,0.0,99.6,196.0,9.8,959.4,705.2,28,30.12320644
1000,398,150.9,0.0,183.9,166.6,11.6,991.2,772.2,28,15.569747031999999
1001,399,141.9,166.6,129.7,173.5,10.9,882.6,785.3,28,44.61185510399999
1002,400,297.8,137.2,106.9,201.3,6.0,878.4,655.3,28,53.524711356
1004,402,366.0,187.0,0.0,191.3,6.6,824.3,756.9,28,65.909079268
1006,404,252.1,97.1,75.6,193.8,8.3,835.5,821.4,28,33.399596392
1007,405,164.6,0.0,150.4,181.6,11.7,1023.3,728.9,28,18.033934256
1008,406,155.6,243.5,0.0,180.3,10.7,1022.0,697.7,28,37.363393916
1010,408,298.1,0.0,107.0,186.4,6.1,879.0,815.2,28,42.6440906
1011,409,317.9,0.0,126.5,209.7,5.7,860.5,736.6,28,40.062002979999995
1012,410,287.3,120.5,93.9,187.6,9.2,904.4,695.9,28,43.798273423999994
1014,412,355.9,0.0,141.6,193.3,11.0,801.4,778.4,28,40.8686899
1016,414,322.5,148.6,0.0,185.8,8.5,951.0,709.5,28,52.426376088
1017,415,164.2,0.0,200.1,181.2,12.6,849.3,846.0,28,15.091250688
1020,418,139.7,163.9,127.7,236.7,5.8,868.6,655.6,28,35.225328839999996
1023,421,264.5,111.0,86.5,195.5,5.9,832.6,790.4,28,41.542307951999994
1024,422,159.8,250.0,0.0,168.4,12.2,1049.3,688.2,28,39.455953576
1025,423,166.0,259.7,0.0,183.2,12.7,858.8,826.8,28,37.917043144
1026,424,276.4,116.0,90.3,179.6,8.9,870.1,768.3,28,44.284354003999994
1028,426,148.5,139.4,108.6,192.7,6.1,892.4,780.0,28,23.696600644
1029,427,159.1,186.7,0.0,175.6,11.3,989.6,788.9,28,32.768036376000005
1030,428,260.9,100.5,78.3,200.6,8.6,864.5,761.5,28,32.401235144
