player_id,player_name,true_rapm,minutes
201939,Stephen Curry,0.5177054046421431,1873.1899999999994
202691,Klay Thompson,-0.5878610202561896,2257.649999999998
203110,Draymond Green,1.834231967963525,2019.3699999999992
203952,Andrew Wiggins,3.3159068366444195,1009.0699999999999
1626172,Kevon Looney,1.569643749354472,1864.520000000001
1629673,Jordan Poole,-1.1210563853272448,2364.0699999999993
203210,JaMychal Green,-3.9529923775331595,843.6600000000009
1630164,James Wiseman,0.02019454714188289,785.2599999999996
1630228,Jonathan Kuminga,-0.2724766342541037,1438.0099999999982
1628978,Donte DiVincenzo,-2.4824774989040415,1919.7000000000007
1630541,Moses Moody,1.1910584933866368,844.5800000000003
1631157,Ryan Rollins,-1.1104792507700947,64.89
201143,Al Horford,2.7795223654519914,1847.5000000000011
203935,Marcus Smart,-1.6669627752327945,1959.459999999997
1627759,Jaylen Brown,3.418869959519159,2376.409999999999
1628369,Jayson Tatum,1.207381802276141,2771.44
1628401,Derrick White,2.427384772717869,2078.6500000000015
203943,Noah Vonleh,2.6797788392512834,171.07
1629684,Grant Williams,-0.1970077234457989,2123.119999999999
1627763,Malcolm Brogdon,0.32458724397357347,1907.2699999999995
201933,Blake Griffin,1.3356379041675692,501.84999999999985
1630573,Sam Hauser,-0.3040117164738538,1255.7999999999997
101108,Chris Paul,2.7860038139187138,1730.9400000000012
1626164,Devin Booker,0.5334974577141963,1904.4300000000017
1628969,Mikal Bridges,-0.07222237979433103,2904.9600000000005
1629028,Deandre Ayton,-2.6364703818338735,1958.700000000001
1629661,Cameron Johnson,2.02702343582032,1073.0000000000007
1626166,Cameron Payne,-3.372836758253902,925.9499999999999
1628470,Torrey Craig,-0.0065771668500038466,1898.9799999999998
1629111,Jock Landale,0.4964362006601677,921.2799999999996
203967,Dario Saric,-1.1063152789714514,713.8900000000002
1627814,Damion Lee,0.5113170116065564,1505.0299999999986
202687,Bismack Biyombo,-0.826923485227487,823.8900000000007
1629006,Josh Okogie,4.00156641706017,1279.8700000000006
203497,Rudy Gobert,3.878331546670303,1894.6700000000014
1626156,D'Angelo Russell,-0.8216828544377681,1989.9899999999966
1626157,Karl-Anthony Towns,0.8635934493118084,875.5899999999998
1630162,Anthony Edwards,1.4201044594859673,2793.709999999999
1630183,Jaden McDaniels,-1.5099276111112367,2205.3799999999987
203937,Kyle Anderson,-1.1487298806699713,1807.4200000000005
1629162,Jordan McLaughlin,-0.019701416093532393,706.97
1629669,Jaylen Nowell,-3.00777803387726,1254.8300000000006
1627752,Taurean Prince,0.4989866785484437,1237.6999999999996
1627854,Bryn Forbes,-0.867333427509877,286.5799999999999
203085,Austin Rivers,-1.2096019047607647,1002.2399999999999
203991,Clint Capela,2.5264432265438854,1696.0700000000015
1627749,Dejounte Murray,-1.3151421976945183,2293.5799999999995
1628381,John Collins,-1.1021055021680413,1940.0399999999984
1629027,Trae Young,0.27996910145634385,2706.4000000000033
1629631,De'Andre Hunter,2.7694735885077457,2002.0999999999997
1630552,Jalen Johnson,-0.27759078123194353,1037.8199999999997
203200,Justin Holiday,-2.6430113732604874,723.9999999999999
1628988,Aaron Holiday,-1.135696647745274,878.8399999999997
1630168,Onyeka Okongwu,0.9797510884874415,1726.5599999999988
201144,Mike Conley,2.0804568572315962,1877.6299999999994
203482,Kelly Olynyk,-2.7870674276280756,1740.4099999999999
203903,Jordan Clarkson,-2.0740348237830135,1890.229999999996
1628374,Lauri Markkanen,3.230753677958787,2129.9499999999985
1629020,Jarred Vanderbilt,1.0443011818290815,1703.429999999997
1629012,Collin Sexton,-0.24468868603067565,1192.9299999999994
1631117,Walker Kessler,1.070130172897381,1581.3200000000004
200752,Rudy Gay,0.8914681946124113,814.0100000000002
1627736,Malik Beasley,0.33586186187084466,2037.1199999999992
1629659,Talen Horton-Tucker,-0.3313297960057136,1255.03
1629638,Nickeil Alexander-Walker,0.539649606627608,864.6299999999997
1630195,Leandro Bolmaro,0.973353390447612,71.88
1630534,Ochai Agbaji,1.8322714564601974,1224.4899999999996
1631323,Simone Fontecchio,-2.3143009334661193,745.4200000000004
1627741,Buddy Hield,-1.5120311881989752,2391.120000000002
1630169,Tyrese Haliburton,1.062918269664599,1849.6299999999994
1630188,Jalen Smith,1.5719591109470754,1174.7300000000005
1630537,Chris Duarte,0.06686760005681718,856.4099999999999
1630678,Terry Taylor,-0.6093610007522864,250.24000000000012
1630543,Isaiah Jackson,-0.6881701310848783,1049.8300000000004
1631097,Bennedict Mathurin,-1.0565403201016774,2269.2799999999997
204456,T.J. McConnell,-1.2765393705126766,1522.9299999999982
1629052,Oshae Brissett,2.0476595959281747,1052.3800000000003
1630174,Aaron Nesmith,-2.648354855257264,1642.479999999998
1629048,Goga Bitadze,-1.255199509967194,429.10000000000036
202711,Bojan Bogdanovic,-0.30390176132170327,1880.6499999999985
1630180,Saddiq Bey,2.0686416342035647,2123.1899999999982
1630191,Isaiah Stewart,0.19725625833113475,1332.7000000000005
1630595,Cade Cunningham,-2.5707113991892343,392.21999999999974
1631093,Jaden Ivey,-2.7502363246554813,2079.0999999999967
1630165,Killian Hayes,-2.744326720036845,2142.0499999999997
1631105,Jalen Duren,-1.8400446899826886,1627.0100000000007
1628995,Kevin Knox II,-1.4834433053978286,941.3000000000004
202709,Cory Joseph,-0.9986816270706428,1220.8
1628977,Hamidou Diallo,0.7324766540994408,972.0099999999999
203084,Harrison Barnes,3.2022963731051446,2502.3900000000053
1627734,Domantas Sabonis,1.1235449162757312,2556.9900000000043
1628368,De'Aaron Fox,-0.7723320934903082,2265.3000000000034
1628989,Kevin Huerter,-0.23315420892200647,1996.480000000002
1629644,KZ Okpala,-1.6818250500636567,293.31999999999994
1628370,Malik Monk,-0.23624075986855952,1678.9600000000028
1629056,Terence Davis,-0.6667385491461346,796.8599999999997
1630558,Davion Mitchell,-3.937053135998942,1532.500000000001
1626158,Richaun Holmes,-2.065268255620683,326.23
1626168,Trey Lyles,1.1820131533755758,1239.3699999999988
1627783,Pascal Siakam,1.0958405734896879,2497.4800000000005
1627832,Fred VanVleet,2.5218617110419657,2665.6900000000037
1628384,OG Anunoby,2.5169216846409648,2287.9499999999994
1629018,Gary Trent Jr.,1.057236041735454,2064.5899999999997
1630567,Scottie Barnes,-2.077003893722227,2553.719999999999
1630173,Precious Achiuwa,-0.18951477986525336,1126.4199999999992
1631132,Christian Koloko,4.291668586724261,757.820000000001
1630625,Dalano Banton,-0.01043640990123772,264.0900000000001
201152,Thaddeus Young,-1.2311191895154507,803.7999999999998
1627823,Juancho Hernangomez,1.3562882215630678,617.1600000000003
203500,Steven Adams,0.946950528578778,1038.1399999999992
1629630,Ja Morant,3.2011778984019017,1950.84
1629723,John Konchar,0.45038966173632533,1517.0300000000013
1630217,Desmond Bane,1.0720782863584801,1706.0199999999998
1630583,Santi Aldama,-1.5016196050078665,1775.7199999999973
1626145,Tyus Jones,0.5452622764647355,1930.489999999999
1629634,Brandon Clarke,1.5753678838430631,1081.7999999999995
1631223,David Roddy,-0.894243211757242,1328.7300000000005
1630214,Xavier Tillman,-0.7717102624436661,1117.4000000000005
1631222,Jake LaRavia,0.9389705463014905,398.53000000000003
201142,Kevin Durant,2.680676531354781,1728.9700000000003
202681,Kyrie Irving,-2.322524125739744,1980.9899999999986
1626220,Royce O'Neale,2.7519184357788493,2307.260000000001
1627732,Ben Simmons,-1.3893070943432952,958.8099999999996
1629651,Nic Claxton,1.0730118663208936,1964.3000000000004
201988,Patty Mills,-1.7982303402554014,521.3600000000002
1630549,Day'Ron Sharpe,-3.0650169538491894,596.0000000000002
1628410,Edmond Sumner,1.2746296302808962,809.2900000000001
1630560,Cam Thomas,-1.049578199464119,987.0899999999999
1629139,Yuta Watanabe,-0.3189969456747088,967.6999999999998
1630556,Kessler Edwards,1.7652573215664547,409.7799999999997
200768,Kyle Lowry,4.717669924012712,1689.4800000000002
202710,Jimmy Butler,-0.908474284662628,2127.609999999998
1628389,Bam Adebayo,-0.2806239784203852,2363.0499999999997
1628997,Caleb Martin,-0.16097967688621884,1994.449999999997
1629639,Tyler Herro,3.043235177047286,2181.1899999999996
1629622,Max Strus,-1.1403694671293223,2240.0600000000004
203473,Dewayne Dedmon,0.3968267317156345,466.90999999999997
1629216,Gabe Vincent,-0.20206497554424693,1682.0899999999986
1629130,Duncan Robinson,-4.491538988762241,669.5599999999998
1629312,Haywood Highsmith,-1.9127862897993404,1005.8499999999999
1627751,Jakob Poeltl,1.463681553457608,1654.41
1629640,Keldon Johnson,-2.9024061249227437,1919.6199999999988
1630170,Devin Vassell,-0.8321903599928497,1116.1199999999994
1630200,Tre Jones,0.4606141301890997,1783.7499999999998
1631110,Jeremy Sochan,-1.0518705909224406,1263.6799999999994
1630563,Joshua Primo,3.8797664500948352,109.79999999999995
203926,Doug McDermott,-2.4309483399424425,1378.2399999999998
1626196,Josh Richardson,-1.414574603769264,1614.6899999999987
1628380,Zach Collins,0.9827723493059849,1414.1999999999985
1628966,Keita Bates-Diop,1.0724137830733267,1318.8300000000004
203476,Gorgui Dieng,-2.007264271133225,362.0499999999999
1629641,Romeo Langford,-3.1230449356119534,777.4400000000005
1629676,Isaiah Roby,2.2245475560860783,508.04999999999944
200782,P.J. Tucker,-1.967741665509026,1738.8399999999983
201935,James Harden,1.4068137619362406,1974.739999999999
202699,Tobias Harris,2.1934145068911506,2347.130000000004
203954,Joel Embiid,1.9645535046767892,2249.4700000000007
1630178,Tyrese Maxey,0.6321523544718294,2000.1099999999997
1627777,Georges Niang,0.5196549524072177,1524.6599999999999
1627863,Danuel House Jr.,-0.7019778265876602,830.1299999999997
1629001,De'Anthony Melton,-1.4876127367188976,2063.1599999999985
1630194,Paul Reed,-3.9313581495473358,694.6099999999994
1626149,Montrezl Harrell,1.0853807941705238,644.3199999999997
1629680,Matisse Thybulle,0.8487958781380095,1198.6700000000012
2544,LeBron James,-1.0144714295624526,1828.2400000000002
201566,Russell Westbrook,1.4124023584227887,2292.540000000001
201976,Patrick Beverley,0.07859628356861405,1651.169999999999
203076,Anthony Davis,0.6147614211059582,1880.809999999998
1629022,Lonnie Walker IV,-1.1821766654455625,1199.5199999999995
1630559,Austin Reaves,3.3541561055334674,1901.2699999999966
1629308,Juan Toscano-Anderson,-1.8154696532941093,712.9699999999996
1629134,Kendrick Nunn,-1.715355632363438,946.9299999999986
1630346,Matt Ryan,-0.29077051221572786,320.1999999999999
1627745,Damian Jones,-1.0473303442992707,489.6700000000003
1629614,Andrew Nembhard,-1.2133420285765788,1985.1399999999983
201949,James Johnson,-1.4876595793583456,174.75
201569,Eric Gordon,0.9876055964741716,1856.0600000000004
1628981,Bruno Fernando,1.8972582068164001,379.8899999999996
1629645,Kevin Porter Jr.,-1.184600970157153,2007.1599999999976
1630224,Jalen Green,0.17914686422854756,2575.029999999997
1631095,Jabari Smith Jr.,-0.8775722122348028,2301.8999999999946
1630231,KJ Martin,-2.184872452986734,2256.4499999999953
1631106,Tari Eason,0.9374787098013702,1804.8299999999974
1630578,Alperen Sengun,0.8344564827043828,1946.1999999999985
1629726,Garrison Mathews,-0.5058470742230804,637.2899999999997
1630528,Josh Christopher,-2.923433787652294,734.9799999999999
202330,Gordon Hayward,3.126549609732736,1449.6199999999994
203486,Mason Plumlee,-2.130146990057175,1868.2199999999998
1626162,Kelly Oubre Jr.,-1.7848926003988972,1406.4399999999998
1626179,Terry Rozier,0.7021832327133984,2159.2699999999986
1629023,P.J. Washington,-2.164319131506826,2124.989999999999
1630208,Nick Richards,-0.3543142167375051,1211.0599999999986
1629667,Jalen McDaniels,1.9144122323713066,1923.14
1628372,Dennis Smith Jr.,1.279013639265973,1432.6099999999988
1630547,James Bouknight,1.1177707002760042,600.59
203081,Damian Lillard,0.073982308550848,2047.0
203924,Jerami Grant,0.7604940248697957,2144.729999999999
203994,Jusuf Nurkic,-1.6515191618021299,1119.2699999999998
1628404,Josh Hart,1.4552914825170058,2474.719999999998
1629014,Anfernee Simons,0.778711355962029,2077.8300000000017
1626159,Justise Winslow,-0.4749252565817558,751.25
1629234,Drew Eubanks,-1.3226465092955104,1607.4600000000007
1631101,Shaedon Sharpe,-3.488005070961125,1714.7400000000014
1629642,Nassir Little,-1.3277574859865304,971.2599999999999
203925,Joe Harris,0.34613415498175065,1344.169999999999
202693,Markieff Morris,2.8920130413379255,373.38999999999993
203078,Bradley Beal,0.5591238461824107,1669.3099999999995
204001,Kristaps Porzingis,0.3403314869322624,2001.0300000000013
1628398,Kyle Kuzma,1.341540085136545,2129.290000000001
1628420,Monte Morris,1.1573405456365717,1524.8999999999999
1630166,Deni Avdija,1.3813124565110417,1989.4
1629060,Rui Hachimura,1.0398008998249728,1504.2699999999988
1626153,Delon Wright,-1.0886787773222641,1233.9999999999995
203115,Will Barton,-3.830486633728687,954.9900000000005
1629655,Daniel Gafford,-2.5724846755132367,1448.2699999999977
1630264,Anthony Gill,-1.2884394067005198,614.33
203095,Evan Fournier,0.7610891450838945,408.32999999999964
203944,Julius Randle,-0.10653106410724643,2956.5499999999975
1628973,Jalen Brunson,-0.7508121157435443,2406.1400000000017
1629011,Mitchell Robinson,0.07557382381838004,1495.1800000000014
1629628,RJ Barrett,0.6874126786974004,2270.9300000000026
1628392,Isaiah Hartenstein,1.391382417143882,1606.45
1629629,Cam Reddish,0.61351905091639,957.9600000000005
1630167,Obi Toppin,-2.4048906834939974,888.6899999999996
1630193,Immanuel Quickley,0.8458579167055057,2370.2799999999997
201565,Derrick Rose,-1.445881443900693,318.9500000000002
1630540,Miles McBride,5.040542907068456,773.7999999999997
1630579,Jericho Sims,-2.3234697678004577,802.2299999999999
1627853,Ryan Arcidiacono,-1.69511864200905,170.9
1629004,Svi Mykhailiuk,-1.1999010946110054,419.02999999999975
1631211,Trevor Keels,-0.30729507959925034,7.829999999999998
1629675,Naz Reid,-0.5353430507924091,1265.8600000000008
203082,Terrence Ross,1.0194877818902854,1219.2499999999993
1628976,Wendell Carter Jr.,2.4530322776502347,1546.7100000000005
1630175,Cole Anthony,-1.0408869932855187,1508.5299999999993
1630532,Franz Wagner,1.1838484135612692,2293.489999999995
1631094,Paolo Banchero,-1.1929322484871725,2366.0299999999993
1628964,Mo Bamba,0.06549478573810813,740.6699999999994
1630284,Kevon Harris,1.9499090243384518,528.15
1629643,Chuma Okeke,0.2059703050610697,513.2499999999998
1629626,Bol Bol,-0.9478065379270255,1387.4099999999999
1630181,R.J. Hampton,-1.647348933092002,728.8500000000005
201572,Brook Lopez,-0.23548604336004694,2156.649999999999
201950,Jrue Holiday,6.534685398681083,2096.9999999999995
203507,Giannis Antetokounmpo,3.671635894981032,1840.5900000000022
1628960,Grayson Allen,0.6720873408012867,1647.0299999999995
1628975,Jevon Carter,-2.9112561047981496,1720.3799999999997
201588,George Hill,-2.549722745500081,892.1200000000003
1626171,Bobby Portis,-0.45836753416705783,1837.1300000000024
1629670,Jordan Nwora,-1.4278135763903466,1174.3800000000008
202083,Wesley Matthews,1.0490126656880236,946.0299999999997
201586,Serge Ibaka,-3.726768483013565,206.81999999999994
1630572,Sandro Mamukelashvili,-3.7693511610909,616.3199999999994
1630699,MarJon Beauchamp,-0.697046856290851,691.8799999999997
1631260,AJ Green,0.13275216212765176,317.49999999999983
203648,Thanasis Antetokounmpo,0.02783026958524413,208.70999999999998
203484,Kentavious Caldwell-Pope,-0.5750405958260187,2305.3799999999987
203932,Aaron Gordon,3.9001013227439105,1966.7299999999993
203999,Nikola Jokic,4.21830405050915,2255.539999999999
1627750,Jamal Murray,0.21913176717316302,2075.44
1629008,Michael Porter Jr.,2.435253291379847,1686.4299999999998
1628971,Bruce Brown,-2.400888639592618,2230.8399999999992
1631128,Christian Braun,-0.022049332851564307,1177.6500000000005
201145,Jeff Green,-2.7599087856803224,1067.6699999999987
1630538,Bones Hyland,0.1772862396719905,1031.9199999999987
1630192,Zeke Nnaji,-0.892744799714318,692.65
201942,DeMar DeRozan,4.500613393171365,2625.2400000000002
202696,Nikola Vucevic,1.3336620646001256,2716.030000000001
203897,Zach LaVine,-3.7672801135754774,2783.889999999997
1630172,Patrick Williams,0.015004961404091677,2079.3700000000017
1630245,Ayo Dosunmu,-0.5753209463556879,1961.75
1629750,Javonte Green,-1.1099995751667193,496.53999999999996
1629632,Coby White,-0.16690150044251217,1795.0100000000016
201609,Goran Dragic,-0.2995701663246081,833.8699999999999
203083,Andre Drummond,2.1829155383529466,820.9000000000004
1627936,Alex Caruso,-0.20452788680201825,1615.8599999999992
1627884,Derrick Jones Jr.,3.2454197122892237,840.1299999999998
1628396,Tony Bradley,3.3975444608786654,32.32
1631207,Dalen Terry,-2.3816474035026935,213.0
1630250,Marko Simonovic,1.162431777126547,18.32
201580,JaVale McGee,-3.517001224693565,334.66999999999973
203493,Reggie Bullock Jr.,-2.2539886684490082,2229.49
203915,Spencer Dinwiddie,1.0304089030203862,2410.0600000000013
1627827,Dorian Finney-Smith,-1.253771954998059,1930.8800000000022
1629029,Luka Doncic,2.1458469559444473,2560.85
203501,Tim Hardaway Jr.,3.3749291570081468,2083.4999999999986
1626174,Christian Wood,-1.2034478865908647,1629.6799999999987
1628467,Maxi Kleber,-1.231738960816461,983.2300000000007
1630182,Josh Green,0.44773749569432286,1454.539999999998
203939,Dwight Powell,0.07471687706613342,1297.8499999999985
1629033,Theo Pinson,1.7990463772982725,316.8
1630702,Jaden Hardy,1.2138183250840435,660.5099999999999
1630593,McKinley Wright IV,-0.47255396814196693,335.4699999999999
1628416,Tyler Dorsey,-2.546274116502546,7.799999999999997
1631099,Keegan Murray,-1.2532303247884673,2128.4000000000033
1629002,Chimezie Metu,1.5706611946385935,697.4099999999996
202331,Paul George,3.9985268218080576,1771.5500000000006
202694,Marcus Morris Sr.,0.7160245865866104,1765.5999999999988
202704,Reggie Jackson,-2.2426727791153547,1497.540000000001
1626181,Norman Powell,-2.9745285608365934,1679.8800000000028
1627826,Ivica Zubac,0.03359980452799473,1866.9800000000012
201587,Nicolas Batum,2.7802668353878968,1814.7900000000013
202322,John Wall,-2.5431804280303476,832.8800000000003
1628379,Luke Kennard,-0.37761135589998496,1380.2999999999975
203496,Robert Covington,0.5147206733185986,819.279999999999
1629611,Terance Mann,3.3207008299762144,1787.73
202695,Kawhi Leonard,2.3349582391426322,1817.219999999999
1629599,Amir Coffey,-4.074776727368847,594.6299999999992
1629650,Moses Brown,3.4784443255151722,275.1500000000001
1630527,Brandon Boston Jr.,1.2509756280705064,248.16
1630554,Jason Preston,0.3765228899982206,115.06
1628972,Troy Brown Jr.,2.1038476644880584,1869.569999999999
1627747,Caris LeVert,1.351561185276413,2241.759999999999
1628378,Donovan Mitchell,2.523692646740622,2317.819999999999
1628386,Jarrett Allen,1.4061569029591718,2076.45
1630171,Isaac Okoro,-2.811733312045879,1560.259999999999
1630596,Evan Mobley,1.375228987451219,2533.6200000000003
1626224,Cedi Osman,0.38861272773879596,1615.9499999999996
201567,Kevin Love,-0.6825964825460069,1131.8199999999993
1629731,Dean Wade,0.8853514116012857,930.5100000000001
201577,Robin Lopez,1.0088932851288825,275.6999999999998
203526,Raul Neto,1.8264853697681187,479.3200000000001
1631100,AJ Griffin,1.0680641253977632,1341.2999999999997
1630235,Trent Forrest,-0.23244193022553905,273.78999999999985
1630249,Vit Krejci,-0.9805785969271456,159.7199999999999
1631213,Tyrese Martin,-1.07048161811963,63.90999999999999
1629026,Kenrich Williams,1.3785965481957276,1176.3399999999995
1629652,Luguentz Dort,1.3457125615234766,2208.349999999999
1630526,Jeremiah Robinson-Earl,-3.041835945751335,750.6899999999995
1630544,Tre Mann,0.06789056484332275,1099.9999999999993
1630581,Josh Giddey,0.807476070165102,2029.2199999999984
1630197,Aleksej Pokusevski,-1.664075386618942,700.2499999999992
1630598,Aaron Wiggins,0.30001505997476346,1221.8899999999992
1629647,Darius Bazley,-0.22566133625959642,576.2700000000003
1630647,Eugene Omoruyi,0.10096008488324602,589.2899999999993
1631119,Jaylin Williams,-0.2672197636214887,752.0099999999995
1631172,Ousmane Dieng,-2.0321683222944413,533.34
1630322,Lindy Waters III,-0.5437855750690589,553.93
203488,Mike Muscala,1.0669285551825585,1093.8499999999995
1630198,Isaiah Joe,1.4913281607957174,1553.1899999999978
1628415,Dillon Brooks,0.2964105759625279,2076.28
1629003,Shake Milton,0.9490041445734185,1595.730000000002
1627788,Furkan Korkmaz,-2.870312525963465,366.6499999999999
1630531,Jaden Springer,0.1172302785696404,89.14999999999999
1626246,Boban Marjanovic,3.1995432705824842,166.57
1630227,Daishen Nix,2.263814439265355,871.7699999999996
1630586,Usman Garuba,-1.3715255044586605,1054.890000000002
1630233,Nathan Knight,-1.2468231718390226,312.21999999999974
1630792,Malcolm Hill,1.0807564198574238,8.2
1630553,Keon Johnson,-1.4181175262996601,429.4599999999999
1630535,Greg Brown III,-1.7896895799750125,85.43
1631133,Jabari Walker,0.2824567660282936,621.0699999999997
201959,Taj Gibson,0.07162966975636327,498.2300000000001
1631098,Johnny Davis,0.42270248301682695,425.4899999999997
1630225,Isaiah Todd,-0.5911726567719686,56.800000000000004
1630692,Jordan Goodwin,0.6789427306634869,1149.8299999999997
202685,Jonas Valanciunas,-0.8974426464195541,1510.3900000000017
203468,CJ McCollum,-0.2895177375545275,2457.86
1630230,Naji Marshall,1.7080561088726467,1755.6600000000012
1630530,Trey Murphy III,1.5266540747115307,2228.3600000000024
1630631,Jose Alvarado,1.0837740439669477,1290.2500000000016
1626204,Larry Nance Jr.,2.9988560346654936,1613.78
1628984,Devonte' Graham,-0.09887758347296445,1322.19
1630700,Dyson Daniels,-2.0433874217357704,1101.260000000001
1629637,Jaxson Hayes,-4.282406825659805,625.5499999999994
1628983,Shai Gilgeous-Alexander,1.904405855459622,2620.0100000000075
1629013,Landry Shamet,0.4656584531022765,816.3499999999996
1628449,Chris Boucher,-0.48062988420682057,1498.7699999999988
203920,Khem Birch,-3.937489306059283,163.56000000000006
1630587,Isaiah Livers,-1.228587243294723,1178.8900000000003
201599,DeAndre Jordan,0.9046299328482609,571.2099999999998
1628432,Davon Reed,1.3956830272012757,342.71
202397,Ish Smith,-1.7544156127170045,385.3999999999997
1628427,Vlatko Cancar,-3.1178755166294674,892.18
1631212,Peyton Watson,-0.046901466957208135,181.28000000000003
1631298,Jack White,1.4979208817282155,65.56
1630561,David Duke Jr.,-4.004276849006921,240.41999999999976
1629660,Ty Jerome,0.2693316153749838,826.6899999999987
1631320,Chima Moneke,-0.6851996957082208,7.279999999999998
203458,Alex Len,4.016328272434028,147.11999999999998
203521,Matthew Dellavedova,-0.6860883281919992,219.3999999999999
1630176,Vernon Carey Jr.,1.0587734882441808,27.33
1630648,Jordan Schakel,-0.42542479303024283,6.240000000000002
1631104,Blake Wesley,-0.5440762682758994,670.8500000000001
1628436,Luke Kornet,1.3857965002264991,798.7900000000009
1630613,Duane Washington Jr.,1.2507306756050884,399.19000000000005
1630201,Malachi Flynn,1.8127996790146217,658.2499999999999
1630551,Justin Champagnie,-0.6813472307349788,22.119999999999997
1631216,Caleb Houstan,-1.804815934811025,785.6600000000003
1629678,Admiral Schofield,-4.554402459011371,447.3899999999999
203585,Rodney McGruder,1.7284505516406852,512.2099999999999
1630177,Theo Maledon,-3.2296212134368747,950.9200000000002
1630550,JT Thor,-3.621197116727831,1088.3799999999994
203552,Seth Curry,1.5400022041035355,1124.8099999999988
1630202,Payton Pritchard,-0.7173012259498304,617.67
1628382,Justin Jackson,-2.8266087292058923,102.89999999999998
1631103,Malaki Branham,-1.858424067295344,1438.8999999999985
1629117,Wenyen Gabriel,-2.9853792018318708,1012.9900000000007
1631217,Moussa Diabate,0.01924042449740084,196.51999999999998
1629603,Mamadi Diakite,0.10429877410882775,174.96999999999997
1630205,Lamar Stevens,-1.5757553533222874,1078.0800000000006
1628962,Udoka Azubuike,0.09326346078151287,354.99999999999994
1630695,Micah Potter,1.045930946916261,50.419999999999995
1630288,Jeff Dowtin Jr.,2.070914516072845,238.18000000000012
1631199,Ron Harper Jr.,1.9319872150572648,46.140000000000015
1631114,Jalen Williams,-3.2370002768287525,2127.579999999998
1629636,Darius Garland,1.268431907852232,2209.819999999999
1631160,Jordan Hall,0.9981923595285616,74.85999999999999
1629646,Charles Bassey,0.9915017326833947,556.2000000000002
1631230,Dominick Barlow,-0.6681458878587512,402.26
1629656,Quentin Grimes,2.040553089845455,2220.330000000004
1630591,Jalen Suggs,0.9733119597616833,1230.2499999999993
1631113,Kennedy Chandler,3.994131999116878,238.49999999999994
1631246,Vince Williams Jr.,-0.6847878298411356,97.41000000000001
203457,Nerlens Noel,-4.632140136811765,218.76000000000005
1631108,Max Christie,0.7630942028820406,509.3000000000003
1630557,Corey Kispert,-0.8803671949089686,1916.2699999999995
1626167,Myles Turner,4.421679446960738,1676.3200000000004
1627742,Brandon Ingram,2.9163894489480695,1565.6099999999992
1629627,Zion Williamson,1.5947972343370784,859.1299999999993
1630529,Herbert Jones,0.6882902031625953,1756.1400000000008
203490,Otto Porter Jr.,2.362468023029791,139.31999999999994
1626163,Frank Kaminsky,0.44729975094250113,232.95999999999995
1629633,Jarrett Culver,-1.625344906259159,141.21000000000004
1630237,Anthony Lamb,-2.0829769390991175,1249.0399999999997
1631120,JD Davison,0.6732899679741258,71.97
1631107,Nikola Jovic,1.4950584107130083,167.27
1631288,Jamal Cain,-0.9457372845500426,263.06
1628963,Marvin Bagley III,-3.1905963467165877,950.4100000000005
202692,Alec Burks,-0.21023155206492547,1174.319999999998
1631102,TyTy Washington Jr.,-1.015531288455059,411.0199999999999
1630570,Trendon Watford,2.09760122610263,1230.2800000000009
1630267,Facundo Campazzo,0.4817921610406335,54.529999999999994
1628373,Frank Ntilikina,-2.4759577423610417,618.2999999999995
202722,Davis Bertans,-0.1028026202428471,422.4500000000002
1626195,Willy Hernangomez,0.2844729289365291,443.5
1630688,Ish Wainright,0.3621041004423438,937.1500000000003
1630163,LaMelo Ball,2.3671328373736396,1043.7600000000004
1631165,Keon Ellis,-2.0334625565291637,75.91
203471,Dennis Schroder,3.040615388469525,1841.4799999999984
1628418,Thomas Bryant,-1.951917846231124,965.3699999999998
1628991,Jaren Jackson Jr.,3.1405896573658327,1507.619999999999
1630600,Isaiah Mobley,2.69966442638294,87.06999999999998
1626192,Pat Connaughton,1.7113694505282484,1382.890000000001
202066,Garrett Temple,-3.3936007701813926,169.22
1630577,Julian Champagnie,-0.9889855133989374,345.25999999999993
1630701,Michael Foster Jr.,0.5484717187340488,0.7700000000000031
1631112,Kendall Brown,0.871789719016627,38.13
1631116,Patrick Baldwin Jr.,0.6958453210406126,197.4699999999999
1630539,Kai Jones,1.9863670696994005,558.1300000000001
1631254,Kenneth Lofton Jr.,0.6845616872748388,160.19000000000005
1630696,Dru Smith,-2.5321237981898403,153.47999999999993
203914,Gary Harris,0.9895261051046311,1140.6900000000005
1629021,Moritz Wagner,-0.5542003358257696,1061.2599999999995
1631111,Wendell Moore Jr.,3.3167893777587545,149.82000000000002
1629662,Mfiondu Kabengele,0.7011738538296783,41.67999999999999
1629653,Devon Dotson,0.5603610331905561,50.52000000000002
1628365,Markelle Fultz,0.5389520035840638,1726.49
1628993,Alize Johnson,0.8154558308971025,28.8
203114,Khris Middleton,1.4153268782657213,789.2099999999994
203933,T.J. Warren,1.0727471115311915,752.6699999999998
1631121,Bryce McGowens,-1.0949704757192225,820.98
203992,Bogdan Bogdanovic,1.4099099677065519,1516.0800000000006
203506,Victor Oladipo,0.7686278313978151,1164.4100000000005
1630533,Ziaire Williams,-2.4100353092207443,514.4899999999998
1630568,Luka Garza,1.0259827707218498,272.8899999999999
1626169,Stanley Johnson,-0.19754006858554196,512.2599999999996
1629057,Robert Williams III,-1.5871906914418168,804.3800000000003
202689,Kemba Walker,0.9018806688267681,105.81
1631169,Josh Minott,-1.74641368805003,101.92999999999998
1629674,Neemias Queta,-1.4681754201756494,31.179999999999993
1631115,Orlando Robinson,2.560404392324071,457.3600000000002
1630184,Kira Lewis Jr.,0.031122491717627612,230.23999999999998
1631109,Mark Williams,1.0398711566686694,816.6300000000002
1630639,A.J. Lawson,-2.5691663498079307,106.48999999999997
204060,Joe Ingles,-1.0917091766358986,1194.5600000000015
1627780,Gary Payton II,1.463030968871091,379.99999999999994
1628998,Cody Martin,-1.1500038936119672,153.52999999999997
1630256,Jae'Sean Tate,-0.41768646794055997,698.17
1628425,Sterling Brown,-1.8533004375990485,30.109999999999992
1630590,Scotty Pippen Jr.,-1.1406466052573332,31.089999999999996
1631306,Cole Swider,2.801976884431184,41.699999999999996
2738,Andre Iguodala,-2.560453134729578,116.18000000000002
1628408,PJ Dozier,-0.24909875573685794,80.29999999999998
1630243,Trevelin Queen,-0.6846341327363167,66.69999999999997
201937,Ricky Rubio,0.07124410777770199,543.1800000000005
1630240,Saben Lee,0.17239575646461408,342.4899999999997
1630580,Joe Wieskamp,-2.224676889889977,41.77000000000001
1631219,John Butler Jr.,2.0015116458156847,216.64000000000001
1628371,Jonathan Isaac,-1.8461546270908296,160.8900000000001
201980,Danny Green,4.436566956618973,136.64
1628464,Daniel Theis,-2.107367849084822,118.46000000000001
1630620,Darius Days,3.0393008523271887,24.17
1631123,Jamaree Bouyea,0.4891425663285059,62.09
1631245,Quenton Jackson,-3.360208467054838,140.60000000000005
1630637,Carlik Jones,0.6438178786607565,48.54000000000001
1627739,Kris Dunn,-1.801837516082748,624.8600000000002
203109,Jae Crowder,1.5374899503235744,361.0999999999999
203086,Meyers Leonard,-1.1901119889740268,111.50000000000001
1630548,Johnny Juzang,1.682142653024948,221.85000000000008
203469,Cody Zeller,-0.813950433055397,222.92999999999995
1630215,Jared Butler,1.7913514115353464,74.98
1630241,Sam Merrill,0.27563583160902955,60.199999999999996
1630846,Olivier Sarr,5.097000865379913,109.34999999999997
1631197,Jared Rhoden,1.0351725817828048,184.23000000000002
1630209,Omer Yurtseven,4.287810803564665,76.13999999999999
1631205,Buddy Boeheim,-1.4611287871027905,82.49000000000002
1630643,Jay Huff,-2.961194485499307,95.79
1629623,Lindell Wigginton,-1.9740638074827808,94.17999999999999
1629685,Dylan Windler,0.10977426956934266,10.39
1641645,Xavier Cooks,1.800173610407563,117.47999999999999
1629714,Jarrell Brantley,0.2558763587445059,33.13
1629875,Xavier Moon,1.5000669390108579,19.130000000000003
1630270,Xavier Sneed,-1.351893118247707,67.38
1628424,Kobi Simmons,4.047415463728565,39.199999999999996
1630219,Skylar Mays,-0.3561678875948677,169.49
1627885,Shaquille Harrison,2.3590455714273664,136.17000000000002
1631311,Lester Quinones,1.7573481772387956,17.57
1630206,Jay Scrubb,1.5259816652802691,34.870000000000005
203487,Michael Carter-Williams,2.1944898827926145,43.639999999999986
1629677,Luka Samanic,0.004618740168903468,140.3300000000001
1628221,Gabe York,1.4147911594832783,53.84
1631466,Nate Williams,-1.8600767503166171,122.99999999999997
1628435,Chance Comanche,-2.0109948435057436,27.769999999999996
1631303,Justin Minaya,1.6780584844540622,87.18999999999997
1630564,RaiQuan Gray,-1.1269894192758465,37.74
2617,Udonis Haslem,-1.2847731992560825,77.67000000000002
1630296,Braxton Key,4.2954035943910815,8.049999999999997
1631309,Trevor Hudgins,1.543757873107992,27.450000000000003
1631220,Dereon Seabron,3.295654485583501,11.369999999999997
1631214,Alondes Williams,-2.7261740086402018,4.1899999999999995
1629126,Deonte Burton,2.4012855939148827,7.550000000000004
1629735,Chris Silva,4.88198347611853,7.470000000000002
1630649,Stanley Umude,-0.3466288713985582,2.1199999999999974
1628402,Frank Jackson,-0.8124175919794094,5.049999999999996
1631495,Donovan Williams,-2.789840794676861,4.25
1630644,Mac McClung,4.000716453525599,44.14
1629663,Louis King,-2.797912356038168,22.640000000000008
1631367,Jacob Gilyard,-2.001972465096958,43.67
